-0.0732917453571532,3.07685796592095,10
4.69650569792124,3.51364273698754,9.8249
9.46903437823903,3.95069956014656,13.824
14.2884886113662,4.39296955095314,16.847
19.1169375953341,4.83621087722463,19.356
23.9281532729642,5.27770026641179,21.533
28.7301743677579,5.71826059669263,23.47
33.536399118766,6.1592563765867,25.224
38.3475387321754,6.60076698757341,26.831
43.1622670887022,7.04264960950029,28.318
47.9785077743183,7.4846858970865,29.702
52.7934115186545,7.92658969891592,30.999
57.5944310585496,8.36714738317752,32.218
62.4003538432962,8.80819530311162,33.37
67.2018497591632,9.24879514875553,34.46
72.0175256763598,9.69087342287191,35.497
76.8193273127442,10.1315401815977,36.483
81.63283185502,10.5734302350544,37.425
86.447520509533,11.0154419400937,38.325
91.2336331995362,11.4545871031736,39.187
96.0511627038176,11.8971992395711,40.013
100.882198239599,12.341254476903,40.806
105.687859750841,12.7828606591207,41.568
110.480464262263,13.2232009145803,42.302
115.300186086856,13.6663830839052,43.009
120.113079184021,14.1088845969587,43.69
124.92064974686,14.5508662530752,44.347
129.769804141621,14.9969381230521,44.981
134.565837040141,15.4388611237495,45.594
139.339132575864,15.8788744284178,46.187
144.164479682016,16.3241425010467,46.761
148.986736509249,16.7691233697007,47.316
153.797018263811,17.2130690103259,47.854
158.598399370237,17.6562503653892,48.375
163.415289784124,18.1008184006807,48.88
168.221283818494,18.5444551025743,49.37
173.016746449856,18.9871800625861,49.845
177.82785034835,19.4313507286174,50.306
182.640827106896,19.8756918571722,50.754
187.452249790551,20.3198945868201,51.189
192.260719931824,20.7638388635133,51.611
197.073223033336,21.2081366999637,52.022
201.885039699338,21.6523754547437,52.421
206.690263553815,22.0960548631106,52.809
211.492604052798,22.5394855548201,53.187
216.297622966229,22.9831549422924,53.554
221.116337909548,23.42806757581,53.912
225.921336939654,23.8717925711612,54.26
230.733545060993,24.3161529777566,54.598
235.544810435129,24.7604315530933,54.928
240.355696110179,25.2046775354353,55.249
245.181269176891,25.6501715324612,55.562
249.980524660929,26.093607841661,55.867
254.773181401959,26.5365026248567,56.164
259.597566658645,26.9822002308767,56.454
264.403139701133,27.426348017957,56.736
269.208806162036,27.8705036098411,57.011
274.016177118456,28.3148035967555,57.279
278.813284056534,28.7582324510386,57.541
283.644904832244,29.2047351830244,57.796
288.446167826581,29.6487780171584,58.045
293.241960180187,30.0923625995529,58.287
298.067904849972,30.5386095993046,58.525
302.890413088795,30.98457306762,58.756
307.691957509076,31.4289002910976,58.981
312.482397684197,31.8723330975768,59.201
317.302669761143,32.3183487113649,59.417
322.115104296089,32.7637141419169,59.626
326.911960288621,33.2078043138886,59.831
331.725051918693,33.6532846049707,60.031
336.521818004904,34.0973877458617,60.227
341.324694122738,34.5420288653941,60.417
346.149685531219,34.9886557137105,60.604
350.96941311777,35.4348354193917,60.786
355.758472495883,35.8785068797951,60.963
360.546941305134,36.3221266200993,61.137
365.380781057057,36.7699893104972,61.307
370.188343638515,37.2155866201369,61.473
374.96575989766,37.6585739695525,61.635
379.776179028471,38.1047144728025,61.635
384.590163897392,38.5511939445396,61.635
389.411257670686,38.9983385633965,61.635
394.225711699786,39.4448855071858,61.635
399.037053290333,39.8911573377453,61.635
403.843902217942,40.3370352498588,10
408.647488562592,40.7826253312338,10
413.454846249614,41.2285535736007,10
418.267128274713,41.6749250075347,10
423.063769602938,42.1199046300348,10
427.867273778507,42.5655177826002,10
432.682143561515,43.0121966061612,10
437.494080584946,43.4586054624843,10
442.305917657023,43.9050052078461,10
447.095702384085,44.3494149558249,10
451.936604306961,44.7987068366728,10
456.746839429494,45.2453490940595,10
461.517621204872,45.6886014833855,10
466.323312687867,46.1352156859776,10
471.141774951076,46.5830702598274,10
475.968059712738,47.031662852058,10
480.799852392759,47.4807482962337,10
485.593523078379,47.9266636690121,10
490.383794233673,48.3722824314387,10
495.206542872942,48.8208943454896,10
499.992728929668,49.2662788410841,10
504.818433409886,49.7153877824377,10
509.643649540007,50.1644529818506,10
514.426352937255,50.609901464158,10
519.2367049298,51.0578917994145,10
524.025469525519,51.5039071322581,10
528.822045712758,51.9506780727496,10
533.682729956793,52.4038553500181,10
538.488775325985,52.8523336140534,10
543.295817293332,53.3008981502248,10
548.113241334007,53.7503640734607,10
552.888501497644,54.1962688438715,10
557.701855487728,54.6457167837305,10
562.508423070389,55.0945419311387,10
567.313427356127,55.5432228326389,10
572.124533719437,55.9924717289374,10
576.942596984739,56.4423633420976,10
581.759724145162,56.8921707820343,10
586.558488343419,57.3403671772461,10
591.347094393962,57.7876473213768,10
596.156044072777,58.236864453829,10
600.991985815074,58.6886479506035,10
605.708226550437,59.1298840744981,10
609.996217854265,59.7041461709459,10
613.431604683366,60.8294300709903,10
615.765314150554,62.8864874014073,10
617.031058652052,65.890887987568,10
618.514149781412,69.7857255833002,10
620.007881195644,74.4894137004155,10
621.481401776931,79.454769444719,10
622.97643948057,84.1746052931758,10
624.467114537421,88.0898377248305,10
625.793618907498,91.3028538599724,10
628.188866760928,93.8398606071286,10
631.252518860404,95.6965125956214,10
634.695172468847,96.4343405266076,20
638.569833498165,96.0086223341466,20
643.025348697209,95.2652927832101,20
647.762153055116,94.4495331755463,20
652.546030984531,93.6210648044379,30.217
657.321500875858,92.7948492653616,31.522
662.093226824029,91.9696416730843,32.744
666.877527462843,91.1409989568815,33.886
671.665639380629,90.3113270222975,34.954
676.439341498525,89.4854025151358,35.97
681.213286356968,88.6594144502058,36.951
685.990285918633,87.8326062297245,37.87
690.768017714769,87.0056053095237,38.75
695.539966485352,86.1801405576836,39.589
700.310263675632,85.355105903971,40.396
705.090777758733,84.5274479682066,41.181
709.864420256667,83.7015844380558,41.929
714.633142645342,82.8770022405686,42.647
719.379012214797,82.0583095501136,43.327
724.120707102236,81.2406502639997,43.985
728.846321604465,80.4268200454565,44.616
733.543075997757,79.619497295336,45.217
738.249975551531,78.8100776195867,45.805
742.954671343737,78.0010812590645,46.374
747.629899219389,77.2133953282313,46.917
752.328600506896,76.5459733551231,47.446
757.085332686403,75.9445225960924,47.958
761.803123947708,75.3558987577008,48.46
766.544785021656,74.9311492178589,48.949
771.312253903122,74.5040868816287,49.423
776.067490345592,74.1823992903763,49.887
780.832475747625,73.9023283744074,50.337
785.557236574887,73.7140706568215,50.771
790.307622828715,73.6723834481126,51.193
795.079535189045,73.6685932726308,51.612
799.807102912566,73.7609406547469,52.015
804.558083694592,73.9944124601794,52.408
809.360880839,74.2614210750281,52.799
814.158748502896,74.5425411561,53.179
818.917402633679,74.8620649916518,53.547
823.676936409067,75.236135957059,53.907
828.519973849406,75.6178593992873,54.257
833.372558426726,76.0003881077355,54.598
838.190031307041,76.3802994137297,54.93
843.01848613566,76.7610211695666,55.252
847.79549232701,77.1381270163837,55.566
852.584362258447,77.5294135304338,55.872
857.415932870831,77.9243581886159,56.169
862.231096540618,78.317972703509,56.459
867.039593317612,78.7110497416882,56.742
871.843593949564,79.1037588071745,57.017
876.669118904558,79.4982801596961,57.285
881.494481632533,79.8927883509155,57.546
886.294702745382,80.2853335409223,57.8
891.091315684824,80.677585089568,58.05
895.922885342328,81.0728286463736,58.292
900.754201024509,81.4680516326504,58.528
905.541619686858,81.8599182886664,58.76
910.335177130229,82.2783945781744,58.986
915.129970573455,82.696978769271,59.207
919.952137886501,83.1190172960071,59.421
924.784334936851,83.5419430958919,59.631
929.549722842261,83.9593162725536,59.837
934.317982986902,84.4524322875518,60.038
939.066507457314,84.9436267109479,60.234
943.789786274039,85.5636089088323,60.426
948.528046988844,86.2098112633258,60.612
953.255724228298,86.9431369238893,60.795
957.949688751949,87.6900301744219,60.973
962.594685391368,88.5914004870376,61.146
967.253393056033,89.5646651250495,61.316
971.918236737307,90.6381517509598,61.481
976.537981724431,91.7047343428604,61.643
981.107224525914,92.9691675654902,61.8
985.703614051714,94.2414935721934,61.954
990.191875299046,95.6262765583646,62.105
994.66370724842,97.1867202717806,62.252
999.196676253268,98.8107500243709,62.396
1003.73381907348,100.436275125984,62.537
1008.20823717811,102.070470988431,62.674
1012.61844997828,103.807605678085,62.808
1017.00589717883,105.633734429199,62.94
1021.36771261668,107.54705250055,63.068
1025.71535319152,109.525374753566,63.194
1030.04665953861,111.56191707182,63.317
1034.33956845816,113.62709123545,63.437
1038.53392668744,115.76730788281,63.554
1042.69905932838,118.077856012048,63.668
1046.91526996322,120.41673517524,63.781
1051.05226093849,122.741311143493,63.891
1055.09700360694,125.201109262769,63.998
1059.13437186686,127.727456379743,64.103
1063.11784405694,130.333721973307,64.206
1067.06878942248,132.997431274626,64.306
1070.97690189261,135.736061076263,64.405
1074.85626623297,138.513802825881,64.501
1078.65760618694,141.343181848773,64.595
1082.41149336307,144.294901439897,64.687
1086.15554397502,147.238893165019,64.777
1089.79888845083,150.302322178273,64.866
1093.43966505809,153.372752759796,64.952
1096.96415473675,156.540335812055,65.036
1100.4767216693,159.782225629352,65.119
1103.94252130762,163.053167134979,65.2
1107.3201112322,166.372543390553,65.279
1110.61338400607,169.782958311018,65.356
1113.87845655124,173.28612766905,65.432
1117.14690736839,176.809240668255,65.507
1120.35511282232,180.332933962661,65.579
1123.47598513832,183.917911510449,65.651
1126.54362003185,187.554369834863,65.72
1129.5419608894,191.25575723851,65.788
1132.49022541677,194.991690821019,65.855
1135.35968414901,198.796421501167,65.92
1138.21482019334,202.659538346187,65.984
1141.05516443611,206.52683295101,66.047
1143.82238027475,210.393997172395,66.108
1146.52122608138,214.349272348251,66.168
1149.23154013114,218.321354141112,66.227
1151.854673563,222.267048356314,66.285
1154.35349162944,226.290917364608,66.341
1156.81253400034,230.386213486167,66.396
1159.2304245709,234.513103029793,66.45
1161.67839878601,238.699903281581,66.503
1164.1179917167,242.872369096267,66.554
1166.46348435833,246.967896188503,66.605
1168.6833141553,251.168487308963,66.654
1170.9093465727,255.431179269934,66.703
1173.10225921745,259.682683988419,66.75
1175.2027186204,263.935495843149,66.797
1177.20882537376,268.267295444052,66.842
1179.21017909527,272.617146188783,66.887
1181.13265628013,276.99960571696,66.93
1183.02859950788,281.366144508493,66.973
1184.80860237296,285.799972378072,67.015
1186.58994979113,290.237149359281,67.056
1188.25466555801,294.711365567278,67.096
1189.92861376038,299.210393363671,67.135
1191.53395189586,303.726236737131,67.173
1193.1212357703,308.23719222585,67.211
1194.61493412052,312.773165140799,67.247
1196.08384628767,317.332602655198,67.284
1197.49305906842,321.908550259007,67.319
1198.86019984811,326.469055418975,67.353
1200.1104091728,331.075934769521,67.387
1201.35649194177,335.694066760743,67.42
1202.496649733,340.307522241938,67.452
1203.56584451314,344.962761188021,67.484
1204.59566523746,349.654578741356,67.515
1205.61098253903,354.350324716745,67.546
1206.57598874994,359.023211409283,67.576
1207.4487496461,363.7060319798,67.605
1208.26101842918,368.407357481687,67.633
1209.00059626077,373.13045485554,67.661
1209.69925624122,377.849881179196,67.689
1210.30100799546,382.587517947686,67.716
1210.87723666871,387.351886893154,67.742
1211.43268649623,392.146968515578,67.768
1211.9868387062,396.930847853942,67.794
1212.48621827519,401.684861535593,67.818
1212.94133787977,406.466316983138,67.843
1213.38829019222,411.26363192412,67.867
1213.83534741813,416.062103159421,67.89
1214.28449293247,420.884259286988,67.913
1214.7318449416,425.686837311057,67.935
1215.17515188271,430.444511766393,67.957
1215.62087685546,435.233544578204,67.979
1216.07191623479,440.096540185931,67.999
1216.5195823339,444.920406589883,68.02
1216.96239009043,449.690503959508,68.04
1217.40846461206,454.501477302338,68.06
1217.85557575076,459.325343669259,68.079
1218.30154787331,464.135731314603,68.098
1218.74760818025,468.947157440232,68.117
1219.19255157287,473.745540334451,68.135
1219.63722376603,478.540639986464,68.153
1220.08354183242,483.356694858147,68.17
1220.53027972614,488.177961280821,68.187
1220.97595938551,492.98666389987,68.204
1221.42174215095,497.796591690955,68.22
1221.86796692686,502.611753455852,68.236
1222.31414687224,507.426396263048,68.252
1222.75989646147,512.236160674397,68.267
1223.20349142674,517.021579462768,68.283
1223.64718149337,521.808172866606,68.297
1224.09357532127,526.631516835411,68.312
1224.53966585229,531.450982672568,68.326
1224.98525867812,536.264359874314,68.34
1225.43070603379,541.075990852491,68.353
1225.87572584229,545.882546900044,68.367
1226.3204031648,550.684994706913,68.38
1226.76423091176,555.476947739375,68.393
1227.21073893418,560.304844279276,68.405
1227.65764072808,565.137557607861,68.417
1228.10241483948,569.946907530337,68.429
1228.54679037582,574.751888776352,15
1228.98921872661,579.535166753314,15
1229.4317779082,584.320088840483,15
1229.87782896397,589.155199044146,15
1230.32275130617,593.976279077954,15
1230.76526685339,598.769273932346,15
1231.20833205904,603.569258477157,15
1231.65205540555,608.378105182621,15
1232.09641473326,613.195567579908,15
1232.53932281621,617.994345421851,15
1232.98166130473,622.785222028281,15
1233.42485765138,627.590031076238,15
1233.8679351462,632.392780760656,15
1234.31168773834,637.208630017395,15
1234.75574020716,642.030045679935,15
1235.19917552814,646.841570316211,15
1235.64195552233,651.64266168039,15
1236.08525435124,656.453986945057,15
1236.52895705933,661.273609346066,15
1236.97205779271,666.083891108303,15
1237.41514603984,670.893973447692,15
1237.85834578476,675.706054784307,15
1238.30153745752,680.518002240956,15
1238.74487575185,685.332509096885,15
1239.18796306173,690.142004364133,15
1239.63114704963,694.953210600105,15
1240.07454720807,699.768182500207,15
1240.5176156004,704.577010036279,15
1240.96109497294,709.393044785771,15
1241.40425733402,714.203142523657,15
1241.84710729755,719.007575970722,15
1242.29100012516,723.829397778572,15
1242.73436795841,728.641501975435,15
1243.17739812262,733.447378548498,15
1243.62097560432,738.262811261161,15
1244.0636882508,743.062726766899,15
1244.50710379017,747.874226772439,15
1244.95168926966,752.705024902864,15
1245.39648251228,757.539699605874,15
1245.83924767355,762.330342160311,15
1246.28148920153,767.111169513302,15
1246.72672476516,771.939714465348,15
1247.17150210772,776.76030344029,15
1247.61569410511,781.57026772905,15
1248.05096626166,786.219535992323,15
1248.5951193182,790.383860890363,15
1249.85063846482,793.754296402483,15
1252.11207787437,796.236139371773,15
1255.2513008137,798.55982682248,15
1259.1331002951,801.210830232409,15
1263.2840727486,803.953173764747,15
1267.47787142628,806.709138497408,15
1271.65179842284,809.458890794426,15
1275.66365142804,812.155599754519,15
1279.09060711763,814.62364336789,15
1281.84446441098,816.867044275547,15
1283.59069138014,819.868912022199,15
1284.85677768346,823.746689548766,15
1286.24962058117,828.301973266856,15
1287.66547550896,833.006070766336,15
1289.07638574057,837.68128856939,15
1290.4840158368,842.338431211274,35.42
1291.89237971786,846.999535537546,36.413
1293.2975536864,851.64484648875,37.354
1294.70095622813,856.281940679389,38.252
1296.10309706165,860.913293686628,39.107
1297.50477465801,865.542633881483,39.927
1298.90610099378,870.170478448104,40.72
1300.30468510034,874.78682263537,41.469
1301.70170324674,879.396889390398,42.187
1303.09567233674,883.995300445521,42.87
1304.48779209582,888.587069818494,43.526
1305.88227418731,893.186777337614,44.169
1307.27653699925,897.785780821211,44.789
1308.67792736782,902.406626005592,45.408
1310.08127347153,907.033442258984,46.011
1311.48354807978,911.656954632698,46.593
1312.88130611803,916.266499213859,47.155
1314.28066264703,920.880825002841,47.69
1315.68531974926,925.510602706293,48.208
1317.08815429712,930.13496717697,48.72
1318.49066638926,934.758370772859,49.216
1319.89280312434,939.380656305534,49.694
1321.29544863382,944.004446308876,50.161
1322.69844016527,948.629259370526,50.614
1324.10079827431,953.252175075437,51.052
1325.50331682585,957.875568881385,51.478
1326.90583376086,962.498957859501,51.892
1328.30865513374,967.123253553517,52.293
1329.71103077803,971.746236403872,52.683
1331.1137546484,976.370252564729,53.064
1332.51456483248,980.988603850877,53.435
1333.91573973635,985.608062638191,53.798
1335.3209558994,990.239964298998,54.143
1336.72475758953,994.867665361761,54.48
1338.12536762512,999.486011731302,54.815
1339.52590673913,1004.10414683252,55.141
1340.92714520129,1008.72439364563,55.458
1342.3295473233,1013.34817688335,55.765
1343.73545737384,1017.98259888092,56.062
1345.13620822756,1022.60173332159,25
1346.53413521279,1027.21243091211,25
1347.94027927248,1031.84822683011,25
1349.33845647193,1036.4602102895,25
1350.73793686513,1041.07615840652,25
1352.14637447173,1045.71962411581,25
1353.54655882279,1050.3384828175,25
1354.94569340726,1054.95419212998,25
1356.35483754993,1059.60022834269,25
1357.76018003421,1064.2350636024,25
1359.15729484245,1068.84594984704,25
1360.55450359593,1073.45711367519,25
1361.95110426734,1078.06645640371,25
1363.36073719268,1082.71539225515,25
1364.75503928932,1087.31890588324,25
1366.14357621108,1091.90501414536,25
1367.54785622994,1096.54028208901,25
1368.93388985518,1101.11924329166,25
1370.28869906178,1105.62515387326,25
1371.45570630354,1110.15418736232,25
1372.45201705045,1114.67732645217,25
1373.1451632257,1119.09885708867,25
1373.32936955072,1123.62869012952,25
1373.37009942508,1128.22601963921,25
1373.03698733905,1132.78351566827,25
1372.49333629365,1137.32979693222,25
1371.6053779727,1141.78486609596,25
1370.42976283626,1146.20031336768,25
1368.97191450027,1150.52999869414,25
1367.22940172605,1154.7836148252,25
1365.2922660019,1158.90856682684,25
1363.03005956751,1162.82906456051,25
1360.47781323753,1166.65053334876,25
1357.72045670707,1170.36461423219,25
1354.84506143725,1173.86031057835,25
1351.64502695231,1177.04232309163,25
1348.22087722674,1180.08057986799,25
1344.58730625895,1182.89422453872,25
1340.80183929861,1185.54021978358,25
1336.93069419817,1187.94574574016,25
1332.88452415261,1190.02877097075,25
1328.71136800195,1191.88461241508,25
1324.464109783,1193.42064163512,25
1320.09737475881,1194.59989785833,25
1315.60350804669,1195.49093332631,25
1310.97894861681,1196.15024274415,25
1306.27595378355,1196.70703114306,25
1301.51481863093,1197.18750670979,25
1296.68107740212,1197.67495900974,52.562
1291.88230045458,1198.15879731652,52.95
1287.11770512456,1198.60272063655,53.327
1282.31607190842,1199.04769209457,53.693
1277.49047125149,1199.4948018002,54.048
1272.68005909519,1199.94049178433,54.393
1267.87612296107,1200.38557386923,54.729
1263.07103615984,1200.83076256618,55.056
1258.25473458738,1201.27697993332,55.374
1253.44887483821,1201.72221983445,55.684
1248.67376068816,1202.1646034938,55.988
1243.87725459037,1202.60879296683,56.283
1239.0240825073,1203.05758886838,56.566
1234.20009333375,1203.50367555682,56.845
1229.3832085897,1203.94907434646,57.116
1224.59121778593,1204.39201018388,57.383
1219.8363997724,1204.83142531651,57.645
1215.01376261823,1205.27633866472,57.897
1210.15057794076,1205.72468044536,58.14
1205.34993533869,1206.16685422213,58.381
1200.58548575914,1206.60553048161,58.618
1195.74875748991,1207.05037058053,58.85
1190.94459052163,1207.4922016056,20
1186.13594490191,1207.93444090729,20
1181.3193570828,1208.37740376805,20
1176.53069974763,1208.81776778086,20
1171.70634477536,1209.26126473338,20
1166.89308551994,1209.7037441683,20
1162.08916018998,1210.14535767462,20
1157.25122225137,1210.5900806034,20
1152.48606456094,1211.02760337231,20
1147.69391377545,1211.46749329497,20
1142.81966709307,1211.91423631874,20
1138.0453109695,1212.35094413017,20
1133.28533571445,1212.78633661323,20
1128.44545824034,1213.228029239,20
1123.61920462722,1213.66853813832,20
1118.81071852581,1214.10742252764,20
1114.00371943788,1214.54617101582,20
1109.1717871004,1214.98718452167,20
1104.38435602408,1215.42389085762,20
1099.60474960783,1215.85988337269,20
1094.72547117128,1216.30422576168,20
1089.87652250377,1216.7454655024,20
1085.12242054675,1217.17603271125,20
1080.37655122557,1217.58093842571,20
1075.69695990298,1217.94882401238,20
1071.15817170466,1218.03315494407,20
1066.75037421448,1217.75107488215,20
1062.50427801513,1216.95929148991,20
1058.45326180296,1215.65229397497,20
1054.72058603961,1213.76692046185,20
1051.27475801532,1211.24630531802,20
1048.16183154635,1208.4061872435,20
1045.63790528868,1204.97959277834,20
1043.2649723788,1201.07008367661,41.909
1040.85728533227,1196.9869907775,42.649
1038.40105374036,1192.81643651254,43.359
1035.94090184311,1188.6388600386,44.038
1033.50321623842,1184.50108402334,44.695
1031.0440817588,1180.32462145648,45.321
1028.59302373811,1176.1625713025,45.926
1026.15817653315,1172.02943498716,46.516
1023.69846973233,1167.85088140822,47.077
1021.24146668996,1163.67720400621,47.621
1018.78273992254,1159.50044806467,48.145
1016.33631598979,1155.34537261897,48.659
1013.90159811549,1151.21105891639,49.163
1011.44183337102,1147.03107217412,49.639
1008.98316537176,1142.85305185964,50.102
1006.5336784031,1138.69122909337,50.556
1004.08780691416,1134.53579075339,50.998
1001.64494834612,1130.3857165776,51.43
999.192087999825,1126.21755605394,51.845
996.737629804056,1122.0465233018,52.247
994.295506264472,1117.8974324087,52.644
991.844054985169,1113.73141471907,53.03
989.392772470812,1109.56570214846,53.402
986.945808243852,1105.40776789199,53.765
984.495789747535,1101.24427597705,54.118
982.044486922929,1097.0784444896,54.46
979.591164503003,1092.90894863899,54.792
977.141145633866,1088.74536213043,55.117
974.693838726337,1084.58662303223,55.436
972.242333469576,1080.42027645873,55.743
969.793198565797,1076.25817812716,56.044
967.344442228261,1072.09676140828,56.338
964.893767804396,1067.93186240849,56.623
962.444418626522,1063.76935054854,56.901
959.994014284445,1059.60492160148,57.171
957.544278762334,1055.44168702171,57.436
955.093990500174,1051.27746320724,57.694
952.643013976785,1047.11197563475,57.946
950.193919243744,1042.94997207733,58.191
947.745152428368,1038.7885650535,58.43
945.29747165397,1034.62911068172,58.664
942.846895819288,1030.46452365637,58.891
940.394794977229,1026.29721257305,59.114
937.945954379402,1022.13582158021,59.331
935.493051256619,1017.96710142351,59.543
933.045020075007,1013.80727333017,59.75
930.603827243889,1009.65982013488,59.952
928.151061046618,1005.49201727327,60.149
925.695874637164,1001.31991630818,60.342
923.24148001606,997.149243746061,60.53
920.796457042801,992.995675810289,60.713
918.350669095765,988.840731882475,60.893
915.89795087188,984.673436443486,61.068
913.444612708067,980.505029623813,61.239
910.988618549627,976.331829166643,61.407
908.542351207558,972.176385871031,61.57
906.090985359757,968.011718964547,61.73
903.640540332102,963.848720173816,61.886
901.192856865942,959.690721545018,62.039
898.742199569912,955.527366124262,62.188
896.281815197902,951.346488087421,62.333
893.835502615137,947.191348286104,62.476
891.392191278993,943.041659591782,62.615
888.930077098285,938.858189103253,62.751
886.483088162775,934.702320038024,62.884
884.049333985233,930.570465054719,63.015
881.606456418776,926.422414363658,63.142
879.167319178492,922.280938726919,63.266
876.722582658702,918.12975520052,63.388
874.272997689964,913.970223726555,63.507
871.835025288026,909.830660188702,63.623
869.378416110274,905.706504358051,63.736
866.903800888465,901.607957011273,63.847
864.368676964942,897.545454529598,63.956
861.812256484233,893.496885260283,64.062
859.198400784191,889.492867864111,64.165
856.538245332535,885.470485979042,64.267
853.885354747421,881.459089083774,64.366
851.195724458431,877.500296947224,64.464
848.474274045785,873.550039084379,64.559
845.719962433773,869.632126222996,64.651
842.927831501885,865.747315816978,64.742
840.077236653464,861.877885984425,64.831
837.222107690067,858.002301442986,64.918
834.351963234985,854.170107539703,65.003
831.435693454766,850.374769146691,65.087
828.488593902474,846.607102667431,65.168
825.481389276917,842.848636950914,65.248
822.489499210196,839.109310990037,65.326
819.424230576111,835.455145451989,65.403
816.320458775693,831.779883956522,65.477
813.192470540446,828.106750743229,65.551
810.079308444165,824.451027235057,65.623
806.931198237195,820.83744265401,65.693
803.750965597855,817.187332153865,65.762
800.584104778827,813.552516471115,65.829
797.416523102367,809.916879794075,65.895
794.228433054402,806.257972284695,65.96
791.044090524428,802.60336860975,66.023
787.880009014809,798.972248451136,66.085
784.715186445738,795.340275078913,66.146
781.537907829582,791.694047481652,66.205
778.367041955234,788.055184219135,66.263
775.177505546136,784.394911411961,66.32
772.014827784128,780.765848483103,66.375
768.860003969731,777.146328050743,66.43
765.670582344899,773.487467882907,66.483
762.495896973239,769.845570992214,66.535
759.350907112172,766.237890644328,66.586
756.163191782713,762.582040012865,66.636
752.953718749646,758.901392258925,66.685
749.803494838182,755.290158407096,66.733
746.645198925293,751.675303443136,66.78
743.446629904542,748.014810348518,66.826
740.289240325271,744.401733607442,66.871
737.111136344613,740.765172601105,66.915
733.918214127836,737.111802226759,66.958
730.744536847316,733.480523566677,67
727.545825812796,729.820601618502,67.041
724.388345564675,726.208609333274,67.082
721.215783739426,722.581442604064,67.121
718.033825832196,718.943582878592,67.16
714.850113915184,715.303723051383,67.198
711.660588224695,711.657211440667,67.235
708.506915658486,708.052036787051,67.271
705.325367961608,704.415354874536,67.307
702.141311120104,700.775833176727,67.342
698.956001835254,697.134889405178,67.376
695.772447997081,693.495947225772,67.41
692.591427606023,689.859902419928,67.442
689.411425894496,686.22502382544,67.474
686.236785524727,682.596283844339,67.506
683.052534819258,678.956584589189,67.537
679.867673899363,675.316187113508,67.567
676.690623480502,671.684761647783,67.596
673.529826126529,668.071964764645,67.625
670.342593606883,664.429313566819,67.653
667.153675528975,660.784748373478,67.681
663.98311464795,657.161171081825,67.708
660.800129125355,653.523494542035,67.735
657.618075606262,649.886877901023,67.761
654.438742685093,646.253359744745,67.786
651.251370747362,642.610692151426,67.811
648.071112548285,638.976166494859,67.836
644.890854349261,635.341640838352,67.86
641.710596150261,631.707115181874,67.883
638.530337951262,628.072589525396,67.906
635.367434002115,624.457926448978,67.929
632.178122554295,620.813447733138,67.951
628.975773631644,617.154143557409,67.972
625.805787439581,613.532290541066,67.993
622.630352431011,609.904185185641,68.014
619.454684982618,606.275814213613,68.034
616.273773909995,602.641474638638,68.054
613.093246552294,599.007571914754,68.074
609.922105522809,595.384353871206,68.093
606.730739388079,591.738286402732,68.111
603.534521063696,588.086691054121,68.13
600.364025323148,584.46476381059,68.148
597.196387216258,580.846105284899,68.165
594.01776613622,577.215015393525,68.182
590.821514512842,573.564008765364,68.199
587.629557433204,569.91791267475,68.216
584.451704579084,566.288085050983,68.232
581.286790297763,562.673141165343,68.248
578.096697932552,559.029606477887,68.263
574.887842619604,555.364614546742,68.278
571.719505224258,551.746989849909,68.293
568.556683144768,548.135744281536,25
565.379583745192,544.508228812964,25
562.206206638305,540.884939168766,25
559.029560217177,537.257962699218,25
555.836394810273,533.612436157875,25
552.64595022654,529.969991779759,25
549.458411247154,526.330860875674,25
546.283025943005,522.705650163403,25
543.102142055536,519.07417528712,25
539.907300178383,515.426814190544,25
536.730828813686,511.800576615608,25
533.565205545105,508.186756106249,25
530.393293494553,504.565831700657,25
527.194435338028,500.914721397874,25
524.000290809068,497.268961526583,25
520.833567933313,493.654625899313,25
517.657951296518,490.030228638593,25
514.456725735704,486.377025923909,25
511.263363523202,482.732803773715,25
508.094450394527,479.116747452025,25
504.914241083631,475.487826553851,25
501.726621373865,471.850485619607,25
498.530792893728,468.20378216413,25
495.340303479725,464.563232587801,25
492.184828407027,460.963286331405,25
489.008111363015,457.339255094982,25
485.806038451478,453.686628572293,25
482.621956336892,450.054599201426,25
479.435525131156,446.419879492278,25
476.251149218395,442.787518954379,25
473.077440576072,439.167410338681,25
469.89006294235,435.531726210096,25
466.692025290698,431.883858722289,25
463.510464652721,428.255041393366,25
460.328469825096,424.625722994664,25
457.136575963961,420.984997546658,25
453.95266695595,417.353532090097,25
450.78215261725,413.737600013039,25
447.615611092507,410.126227289814,25
444.425661337454,406.488347774772,25
441.235150985193,402.849830561638,25
438.056531881828,399.224907909726,25
434.867532142701,395.588167646349,25
431.669129071124,391.940681707458,25
428.486566675964,388.311498834589,25
425.312204612682,384.691778902288,25
422.173756310268,381.113190745604,25
418.988731245811,377.711472537615,25
415.778787275963,374.587851136233,25
412.477690192739,372.085282659194,25
408.90783788179,370.421018564974,25
404.979458603668,369.589953879265,25
400.72124509712,369.242426488181,25
396.141034634887,368.899913083197,25
391.312789384453,368.580577886739,25
386.423921148421,368.268249842714,25
381.523337393341,367.957346719927,25
376.61857954451,367.646968802972,25
371.718095363064,367.336072545437,25
366.852417262763,367.021010963248,25
362.063094070942,366.698071333054,25
357.330761200367,366.371174677756,25
352.662362497666,366.042228217055,25
348.000824376535,365.713366594936,25
343.331018240449,365.384069866044,25
338.678696844409,364.871122599898,25
334.057741769456,364.209904551595,25
329.532834104418,363.342651196134,25
325.047852328247,362.188992060905,25
320.613878011565,360.878949726542,25
316.273370488201,359.277007513656,25
311.919065409575,357.499914609318,25
307.651549624281,355.617204494761,25
303.532612858467,353.530411312953,25
299.489646820105,351.21343766277,25
295.507608511356,348.757325340078,25
291.665990020369,346.160736520492,25
287.960090987931,343.354822481063,25
284.353888942427,340.415682247208,25
280.793380650677,337.476133824259,25
277.196140239936,334.501348172386,25
273.546802366028,331.471212112515,25
269.851941911433,328.388117026492,25
266.093674669219,325.224012375318,25
262.300285657776,322.012146900171,25
258.504075887782,318.7963567962,25
254.776840313427,315.676242069007,25
251.252427920375,312.814934594139,25
247.91335630401,310.144818272957,25
244.381973603475,307.794915467269,25
240.493984791085,305.954983264903,56.312
236.27369679215,304.523784190527,56.59
231.822749663473,303.345010014021,56.867
227.236075544077,302.335958532784,57.142
222.57534950326,301.422610599792,57.411
217.920881281983,300.589198398212,57.674
213.238976207242,299.912100415929,57.931
208.505296186013,299.302033205753,58.182
203.727399885288,298.698706396158,58.424
198.930401639731,298.093103496304,58.66
194.129280759077,297.487003538162,58.888
189.334727019344,296.881711797444,59.111
184.54288309206,296.276755844567,59.329
179.740163847854,295.670450874957,59.54
174.936793437841,295.064063212823,59.746
170.124941919214,294.45657211,59.947
165.340670983442,293.852815622361,60.145
160.593419519785,293.254002223509,60.34
155.820595184079,292.652061777036,60.53
151.002134771894,292.044758386676,60.712
146.206493768855,291.440295255062,60.891
141.401215588592,290.83462166756,61.065
136.602259954069,290.229764873161,61.236
131.824498740737,289.627686925389,61.404
127.022922531687,289.022570983035,61.568
122.232500557547,288.418906559227,61.728
117.458094492539,287.817321518998,61.885
112.693677341085,287.232496596101,62.039
107.898608877224,286.667443558495,62.189
103.098474245381,286.101793522325,62.335
98.3223481845534,285.545462978716,62.478
93.5121505102713,284.985262525768,62.618
88.7149332200955,284.426579988208,62.754
83.9444263390541,283.875041703736,62.888
79.1442637580629,283.320236021644,63.019
74.3196689394194,282.762722393472,63.146
69.5150479641666,282.207560914128,63.27
64.7424231778383,281.656225673725,63.392
59.9543548310084,281.103141197931,63.511
55.1536751774026,280.548658834811,63.627
50.3653343595965,279.995553879251,63.741
45.5689983792854,279.441575481181,63.852
40.7667736351247,278.886955771291,63.96
35.9827056550375,278.334335270011,64.067
31.1915717266337,277.780961938435,64.171
26.3843803054603,277.225906169114,64.273
21.5820614888158,276.671373275997,64.372
16.7903703280323,276.117994115708,64.469
11.9891926498511,275.563600804778,64.565
7.17805658439605,275.008133287635,64.658
2.39875412006468,274.45622089427,64.749
-2.38345387064685,273.903998986634,64.838
-7.1895880671886,273.349334527398,64.925
-11.9920326204481,272.795055550162,65.01
-16.7860806454635,272.241665192446,65.094
-21.5721812320362,271.689106989967,65.176
-26.3883824832723,271.133504241957,65.256
-31.1947398670706,270.57895289119,65.334
-35.9857364294074,270.026084063404,65.41
-40.7847325082069,269.472355944949,65.485
-45.5777056259014,268.919277169389,65.559
-50.3672392750947,268.366563853107,65.63
-55.1827668034307,267.811159697297,65.701
-59.9973463966749,267.255859303154,65.769
-64.763974404642,266.706086793541,65.836
-69.5365960553292,266.155685906617,65.902
-74.341485859154,265.602183895564,65.967
-79.1599488276951,265.047346743581,66.03
-83.9605048451136,264.494403828179,66.091
-88.7547779317617,263.942131821782,66.152
-93.5531521845739,263.389427458595,66.211
-98.3514781233854,262.836728196661,66.269
-103.151068263324,262.283895271266,66.326
-107.935341652319,261.732691752039,66.381
-112.725285874585,261.180916252119,66.435
-117.545909619023,260.626152283557,66.488
-122.348842448826,260.073281368826,66.54
-127.135025339064,259.52224031669,66.591
-131.936106583209,258.969648442868,66.641
-136.734581367862,258.417331453732,66.69
-141.530679646479,257.865265608088,66.738
-146.3275559432,257.313118244349,66.785
-151.125056475012,256.760905828813,66.83
-155.920080308,256.208950809073,66.875
-160.721699485116,255.656320656678,66.919
-165.532675838142,255.102715582234,66.962
-170.323398108282,254.551362318076,67.004
-175.103292991055,254.001171437561,67.045
-179.902162692642,253.449134199965,67.086
-184.710619575863,252.89616227074,67.125
-189.521427753943,252.342946685119,67.164
-194.322964044956,251.79076664324,67.202
-199.112963276261,251.239902657219,67.239
-203.905806444263,250.688728355398,67.275
-208.700522400418,250.13735591824,67.311
-213.497416763893,249.585757874609,67.346
-218.295132483156,249.034075492341,67.38
-223.091348640687,248.482546549264,67.413
-227.892228031249,247.930547472656,67.446
-232.695057894276,247.37834763761,67.478
-237.494314992864,246.826529524908,67.509
-242.290914600494,246.274998212313,67.54
-247.087411177102,245.723477893666,67.57
-251.88684451537,245.171648235514,67.599
-256.681321728495,244.62034713554,67.628
-261.477646326896,244.068855524065,67.656
-266.280170979412,243.516736584599,67.684
-271.07949536442,242.964957040772,67.711
-275.87587359708,242.413494429038,67.738
-280.672383719071,241.862017894229,67.764
-285.471371142355,241.310284902552,67.789
-290.270107078138,240.758578241519,67.814
-295.06941489636,240.206811145256,67.838
-299.866146174508,239.65532169185,67.862
-304.661060884727,239.104024190628,67.886
-309.459140966767,238.552410981119,67.909
-314.259535169353,238.000568665732,67.931
-319.059156955931,237.448806871821,67.953
-323.856413063145,236.897302342289,67.975
-328.652839684424,236.345886160166,67.996
-333.452109960558,235.794183714431,68.016
-338.251187240479,235.242501765811,68.037
-343.048034575357,234.691071571091,68.056
-347.845595824445,234.139565304854,68.076
-352.643924261914,233.587980248918,68.095
-357.44203245188,233.036418331293,68.113
-362.24020824195,232.484849203575,68.132
-367.039057188217,231.933211245035,68.15
-371.836729641378,231.38168573886,68.167
-376.633633936542,230.830237155487,68.184
-381.432917948504,230.278537565004,68.201
-386.231748108195,229.726883931698,68.217
-391.029994383868,229.175288586552,68.233
-395.827515927316,228.623765846757,68.249
-400.626277798928,228.072116780295,68.265
-405.42335655963,227.520637645515,68.28
-410.219632724459,226.969241041744,68.295
-415.019220609574,226.417494744619,68.309
-419.817628346181,225.865870617172,68.323
-424.61539382251,225.314312790415,68.337
-429.409565982522,224.763127721607,68.351
-434.207081443696,224.211580956274,68.364
-439.010159003936,223.659429823209,68.377
-443.809447778828,223.107669923152,68.39
-448.60499629967,222.556292143955,68.403
-453.402602325175,222.0046990373,68.415
-458.198724055927,221.453261937394,68.427
-462.998368768649,220.901448603884,68.439
-467.802509935882,220.349161281105,68.45
-472.594821063144,219.798062431084,68.462
-477.384020705193,219.247290083382,68.473
-482.187265393287,218.694952078991,68.484
-486.99188976109,218.142465722746,30
-491.793267755135,217.590312967074,30
-496.593038685991,217.038321878852,30
-501.387615425406,216.486848182422,30
-506.185178168575,215.935070055001,30
-510.982246384914,215.38334254585,30
-515.778509330282,214.831697993895,30
-520.57305199057,214.280232500813,30
-525.3702281921,213.728487774833,30
-530.180077175697,213.175393756019,30
-534.979092346362,212.623385904719,30
-539.76793714786,212.072394040608,30
-544.569229229483,211.5201016478,30
-549.370851301572,210.967775276528,30
-554.167082017146,210.41599546806,30
-558.95719681867,209.864841222718,30
-563.758351391509,209.312518969756,30
-568.564463425222,208.759678923862,30
-573.366207064522,208.20728044622,30
-578.160805970005,207.65559409911,30
-582.938623740575,207.105605125746,30
-587.722123069952,206.55499691874,30
-592.531827427435,206.001387769099,30
-597.350021948633,205.446845426678,30
-602.159864262523,204.893156650452,30
-606.966416622905,204.339789949432,30
-611.741856045077,203.789379319381,30
-616.527698262094,203.237897533357,30
-621.331712013264,202.684469601798,30
-626.126101638489,202.132052480051,30
-630.934636420967,201.578133064558,30
-635.73151197571,201.025411456697,30
-640.516781107904,200.47388666195,30
-645.314415248578,199.92103715609,30
-650.11055469419,199.36834789436,30
-654.90869088063,198.815443509616,30
-659.712780280734,198.261898299668,30
-664.512830396043,197.708780304925,30
-669.318382257477,197.1550838812,30
-674.12245487052,196.601539697523,30
-678.912865783295,196.049378047558,30
-683.700898529522,195.497462253419,30
-688.507205697371,194.943606527053,30
-693.304276704205,194.390709933843,30
-698.089566384036,193.83903970227,30
-702.895022104257,193.285202144144,30
-707.719860472553,192.729320575439,30
-712.509663068965,192.176887869139,30
-717.230071859296,191.631435496509,30
-721.890266180497,191.013733529326,30
-726.448734771671,190.229892975906,30
-730.896069147912,189.181144987096,30
-735.248335273688,187.840441242537,30
-739.513176733898,186.199605092867,30
-743.684158155971,184.30144743407,30
-747.728258191265,182.151095381143,30
-751.622719261421,179.766528984737,30
-755.324089079079,177.135045247531,30
-758.818630914394,174.243583238356,30
-762.117899813851,171.088062356285,30
-765.252692386532,167.717092914986,30
-768.221197503157,164.164958802202,30
-771.008950977626,160.5015521673,30
-773.565790692699,156.635320366167,30
-776.039027366632,152.640611871975,30
-778.335281841286,148.632933371908,30
-780.29967923827,144.573272890954,30
-781.889442594055,140.38178909362,30
-783.144512136188,136.003848781947,30
-784.189456348989,131.479314676537,30
-785.057359902612,126.915638581285,30
-785.68323443373,122.364291501419,30
-786.010897731234,117.82351086505,30
-786.013185013053,113.279377911713,30
-785.702334188164,108.720328649065,30
-785.12120469994,104.159438226549,30
-784.288152265625,99.6307064528235,30
-783.196532439826,95.1117865649466,50.222
-781.9307297006,90.5573485444431,50.66
-780.589031088864,86.0169000499196,51.087
-779.113698495093,81.5342795003701,51.501
-777.53103751002,77.0858929978008,51.904
-775.833556211953,72.7249791325271,52.294
-773.956854602367,68.4736827027611,52.673
-771.872437538109,64.2767892226105,53.043
-769.669742489131,60.1121413161896,53.406
-767.324564599918,56.0084753410493,53.76
-764.930525589365,51.9887956442036,54.102
-762.339595833405,48.1516325173385,54.436
-759.566286592539,44.3944824404664,54.761
-756.632795537158,40.7122021458332,55.08
-753.604861018241,37.0868582230563,55.393
-750.478276512555,33.5573764773069,55.697
-747.251108975111,30.1083691415072,55.994
-743.961205964554,26.7641244027374,56.282
-740.528899779451,23.5643182805156,56.564
-736.977406494947,20.4131750690574,56.841
-733.379824253496,17.3196762913734,57.111
-729.731656604896,14.3453545879233,57.373
-725.993569399731,11.5058995541638,57.629
-722.151213312947,8.77982263947575,57.879
-718.217291189418,6.13912108510731,58.124
-714.203292366509,3.55520597588295,58.363
-710.184292755143,1.01425021407801,58.597
-706.150135037918,-1.37747428970911,58.824
-702.01507822516,-3.61189821269062,59.045
-697.805604956943,-5.75672989706891,59.262
-693.509409166176,-7.79834922438265,59.475
-689.192939938075,-9.80588397975801,59.682
-684.873218547657,-11.6813853412483,59.884
-680.497285949058,-13.409243334163,60.082
-676.035216655269,-15.0267418133292,60.275
-671.527280326311,-16.5961735486922,60.464
-667.017341909591,-18.0911593934535,60.649
-662.454463420901,-19.4849338086366,60.83
-657.856273171982,-20.8627409603336,61.006
-653.313789918124,-22.1798184321899,61.178
-648.738944577167,-23.3069532118494,61.347
-644.078835272751,-24.3681061502779,61.511
-639.395959767165,-25.4003649032688,61.672
-634.723281994513,-26.3819284489942,61.83
-630.073102636119,-27.2761242043654,61.983
-625.391697204902,-28.0335336968496,62.134
-620.66422132088,-28.7326876538256,62.281
-615.937682362709,-29.3772543427456,62.425
-611.224273404135,-29.934312927388,62.566
-606.484756993175,-30.3827212141698,62.703
-601.681592587761,-30.8051097111352,62.837
-596.860075467363,-31.2291005468173,62.969
-592.085236984612,-31.6488914466436,63.097
-587.330549740799,-31.9947586527205,63.223
-582.563186536567,-32.2725137912572,63.346
-577.805086129012,-32.4912990543739,63.467
-573.037090791804,-32.6123336406844,63.584
-568.237913788496,-32.6904154735144,63.699
-563.428847599361,-32.749321182387,63.812
-558.612781399345,-32.8082867500318,63.922
-553.793572789484,-32.8672689477665,64.029
-548.943755059651,-32.9263358778448,64.134
-544.09022037686,-32.9854326347724,64.236
-539.280371603326,-33.0439062940806,64.336
-534.468393500726,-33.1023998923789,64.435
-529.643029900649,-33.1609602897278,64.531
-524.79120226226,-33.2196262269608,64.624
-519.937409592181,-33.2783116219016,64.716
-515.115431259634,-33.3364766066726,64.806
-510.288255109113,-33.3947169761841,64.894
-505.464714124344,-33.4529064569802,64.98
-500.64719124143,-33.5110203480844,65.064
-495.813563893477,-33.5692887139052,65.146
-490.988466812768,-33.6274651797821,65.227
-486.162705626267,-33.6856481153975,65.306
-481.289439688246,-33.7442524504801,65.383
-476.426395609741,-33.8026483241752,65.458
-471.613923782983,-33.8595723413594,65.532
-466.823845904578,-33.9159418021903,65.604
-462.046026053758,-33.9579701739761,65.676
-457.237367799783,-33.9989655461261,65.745
-452.38065502694,-34.0398242783182,65.813
-447.506426416377,-34.0807541231673,65.879
-442.663243207777,-34.1212020965302,65.944
-437.860540565051,-34.1608817007798,66.008
-433.062900035292,-34.199571604031,66.07
-428.251051434375,-34.2040355464696,66.131
-423.434539745156,-34.2009414776009,66.19
-418.632127701506,-34.1746599277822,66.249
-413.815044859462,-34.1134894189014,66.306
-408.990136944419,-34.0522195547045,66.362
-404.174829328392,-33.9748844884549,66.416
-399.35873019249,-33.8877359414256,66.47
-394.566718029988,-33.7810290552883,66.522
-389.7489782952,-33.6294557175427,66.574
-384.937143270323,-33.4780681618002,66.624
-380.155534360296,-33.2696045684964,66.673
-375.367315974766,-33.0387841602496,66.721
-370.571076303455,-32.756510620435,66.768
-365.737004889292,-32.4719325078733,66.814
-360.921034299452,-32.1883980708101,66.859
-356.121224367658,-31.8855175784356,66.904
-351.326629728822,-31.575141265906,66.947
-346.546452447627,-31.2144609849677,66.989
-341.749035995384,-30.8192885918368,67.031
-336.933719049543,-30.4226325400771,67.071
-332.131084729926,-30.0270207774055,67.111
-327.349735975327,-29.6034650370085,67.15
-322.571644589834,-29.1448216828787,67.188
-317.767125500935,-28.6664646637261,67.226
-312.962927361425,-28.1881397115871,67.262
-308.18474558811,-27.7124238300464,67.298
-303.389564545299,-27.2348853964353,67.333
-298.576189050004,-26.7553466772325,67.367
-293.759356163705,-26.2754345320592,67.401
-288.943648077998,-25.7956406364961,67.434
-284.125993532106,-25.3156472063555,67.466
-279.324022714141,-24.8372121472057,67.498
-274.536821605314,-24.3602589738935,67.529
-269.736151761711,-23.881888987413,67.559
-264.907560826268,-23.4005442390513,67.589
-260.085302150232,-22.9198352870495,67.618
-255.279557552703,-22.4407110887452,67.646
-250.46615118564,-21.9608518060326,67.674
-245.686641994732,-21.4841756190536,67.701
-240.919321312207,-21.0087275076339,67.728
-236.116078505273,-20.5292974786544,67.754
-231.287143731615,-20.0470013782567,67.78
-226.463901305392,-19.5653044465276,67.805
-221.665473659121,-19.0860996912145,67.83
-216.869749505779,-18.607171694113,67.854
-212.054504444696,-18.1261924909641,67.877
-207.23544628478,-17.6448227791426,67.9
-202.440907988442,-17.1658723915648,67.923
-197.625809890071,-16.6848310533145,67.945
-192.81628521908,-16.2043417150585,67.967
-188.031346149258,-15.7262598722985,67.988
-183.225085985033,-15.2459699153586,68.009
-178.417056821447,-14.7654970930157,68.029
-173.612643580385,-14.285395569601,68.049
-168.809788328715,-13.8054545197604,68.069
-163.99677359595,-13.3244593576795,68.088
-159.181938354043,-12.8432791402805,68.107
-154.383453089887,-12.3637177857219,68.125
-149.598162801356,-11.885489126718,68.143
-144.784207313562,-11.4042012079921,68.161
-139.954502970196,-10.9212703891338,68.178
-135.147430217139,-10.4405432233033,68.195
-130.352557968727,-9.96099861861317,68.211
-125.564587839383,-9.48214387390302,68.228
-120.760905282304,-9.00164020190795,68.244
-115.940515307488,-8.5193742963314,68.259
-111.126896107039,-8.03779335239938,68.274
-106.342777111755,-7.55912736970346,68.289
-101.538065626414,-7.07829970666597,68.304
-96.6947051046183,-6.59340738941643,68.318
-91.8962663971829,-6.11273618667625,68.332
-87.1156902063537,-5.63377913482835,68.346
-82.3143427727226,-5.15268021619784,68.359
-77.5207567848013,-4.67239082102256,68.373
-72.7070950108535,-4.18993798294731,68.386
-67.8882609650158,-3.70694024951444,68.398
-63.0873511258769,-3.22575940101999,68.411
-58.2973102796141,-2.74569478408573,68.423
-53.4906038997321,-2.26384227544709,68.435
-48.6720052744158,-1.78071841424083,68.446
-43.8659717145556,-1.29888746531639,68.458
-39.0619325714284,-0.817261350265315,68.469
-34.2547409232481,-0.335310153333266,68.48
-29.4416894177928,0.147242065059288,68.491
-24.6370120293816,0.62895517684425,68.501
-19.8279533431091,1.1111082502549,68.511
-15.0198850221223,1.59316299920117,68.521
-10.2346767201728,2.07296725114749,68.531
-5.42322189997731,2.55551783966623,68.595
-0.597929995329806,3.03949002925147,68.659
