0.662537887446034,-5.3366080690703,10
5.48457552029737,-4.78352459366593,9.8249
10.3058671082237,-4.23106546296278,13.824
15.1338983882162,-3.75063847278002,16.847
19.9587647687218,-3.24039504787044,19.356
24.7819655313554,-2.71639775743754,21.533
29.6012858477365,-2.15980739570473,23.47
34.4261105905192,-1.65479507961993,25.224
39.2574564274145,-1.21416969416222,26.831
44.0901065727536,-0.767977566640931,28.318
48.9188294896109,-0.2907635830664,29.702
53.7468836461364,0.190747973195963,30.999
58.5661440381559,0.734383680016628,32.218
63.3869222625466,1.25903370336811,33.37
68.2116057460568,1.76232938512419,34.46
73.0375421871228,2.24847635199647,35.497
77.8664107339799,2.73154668355591,36.483
82.7008098033001,3.18968170546647,37.425
87.5279587450016,3.67161203880309,38.325
92.3532611265837,4.17510368258339,39.187
97.1803959894727,4.69014906178299,40.013
102.004455840575,5.18647449868613,40.806
106.833239240748,5.65326883630158,41.568
111.670220341215,6.10987144120216,42.302
116.50559065606,6.56180669979164,43.009
121.331624285446,7.04386321594348,43.69
126.152615737992,7.55806474862989,44.347
130.972380928146,8.06689515109247,44.981
135.795755044151,8.53310410777799,45.594
140.629194528646,8.98259745124961,46.187
145.459115248523,9.44119193756151,46.761
150.286498769434,9.91086021804078,47.316
155.110168087058,10.3685069445761,47.854
159.939348983176,10.834977547532,48.375
164.763522173359,11.3107641444969,48.88
169.587725664717,11.7601224612693,49.37
174.413409376249,12.2414491170525,49.845
179.24512169232,12.6980313264886,50.306
184.073366986432,13.1594844295054,50.754
188.908956609737,13.5688435049207,51.189
193.769591351206,13.9062360587217,51.611
198.616520805484,14.3134208003003,52.022
203.437966704894,14.7936281137248,52.421
208.245102919139,15.2997632232612,52.809
213.058064710687,15.7781078003925,53.187
217.891698158557,16.2295595055604,53.554
222.729433723849,16.6635743000885,53.912
227.561967991022,17.0952150170703,54.26
232.406406896588,17.5001864833905,54.598
237.24415062249,17.9197922190376,54.928
242.05492151207,18.3910687190597,55.249
246.873440837525,18.8445867239647,55.562
251.703570858556,19.240807120473,55.867
256.570744756543,19.588436612488,56.164
261.424896536171,19.9996501808897,56.454
266.227528079502,20.4983805012371,56.736
271.008998957462,21.0288359620381,57.011
275.846401814946,21.4698631667853,57.279
280.706232898877,21.8500391711964,57.541
285.562345293511,22.2337574659676,57.796
290.398961627512,22.5970733842943,58.045
295.244280450081,23.0036423688648,58.287
300.1067842126,23.4022804791021,58.525
304.885835448716,23.8999583484593,58.756
309.667688070782,24.4466143433585,58.981
314.4966613098,24.8976424365635,59.201
319.35188752201,25.289745732047,59.417
324.218680423806,25.6314421992755,59.626
329.035253945456,26.0915841163751,59.831
333.829132721814,26.5955598849059,60.031
338.658298911497,27.0204314779914,60.227
343.554332070542,27.3837081169989,60.417
348.421299451954,27.7560155083484,60.604
353.223797233062,28.2407859639785,60.786
358.005242742364,28.7259009969021,60.963
362.813854330907,29.2144146618674,61.137
367.678405799098,29.6109854912615,61.307
372.531016090387,29.9886458934794,61.473
377.374698399282,30.4311626649625,61.635
382.146713054749,30.9372911586085,61.635
386.985021345224,31.3986539338405,61.635
391.842198515329,31.7713520974034,61.635
396.698840473515,32.1414319803038,61.635
401.550989248334,32.5592298108832,61.635
406.390134335045,32.9994894320418,10
411.187155400256,33.4955277916048,10
415.991610592072,33.9352944636829,10
420.82356278662,34.3482371026326,10
425.666626699918,34.8128333285141,10
430.495951064634,35.2528582082958,10
435.325698701686,35.7165502760561,10
440.145437479974,36.1687457139388,10
443.6685053,38.65649575,10
448.3991536,39.27067968,10
453.1299063,39.8081396,10
457.9923612,40.1573808,10
462.8618171,40.50006557,10
467.6299674,41.09558218,10
472.4680759,41.46289313,10
477.3888586,41.77222456,10
482.2412737,42.15339525,10
487.0188492,42.60622746,10
491.6865853,43.29197405,10
496.5431816,43.64847456,10
501.3230179,44.11952551,10
506.2022245,44.49869058,10
510.9860053,44.97187234,10
515.6888306,45.5229134,10
520.4910864,46.00012198,10
525.4289261,46.31162508,10
530.2868744,46.68968446,10
535.0805984,47.19448449,10
539.7762912,47.78560364,10
544.5621529,48.22970384,10
549.2731081,48.80307844,10
553.9885725,49.33302883,10
558.7207414,49.90154018,10
563.4562719,50.42417562,10
568.1987716,50.94445603,10
572.9192916,51.53570024,10
577.6289327,52.10017648,10
582.3019778,52.69164808,10
586.9676252,53.2983264,10
591.5437165,54.03287551,10
596.0955145,54.7642875,10
600.6943776,55.4978185,10
605.1994379,56.25247997,10
609.7540106,57.11908919,10
614.3208011,58.53937358,10
617.9091001,61.65384978,10
619.4409646,66.09469394,10
620.5307516,70.1218656,10
621.6341077,74.03959827,10
622.6802091,77.88757356,10
623.6521978,81.6563763,10
624.686685,85.54282761,10
626.1733001,89.89351032,10
629.3103831,93.52086941,10
633.7360718,95.37998053,10
638.5383505,95.10580773,20
643.0317548,94.41626008,20
647.458391,93.56714963,20
651.8676824,92.73453786,20
655.95148780843,92.3635104763006,30.217
660.687088988521,91.0182853786405,31.522
665.412575535116,89.6586233949698,32.744
670.146095722415,88.3034681008235,33.886
674.91551892779,87.0094884591469,34.954
679.621110890634,85.7073688762384,35.97
684.344175085596,84.4291522949813,36.951
689.057872468705,83.1511830443395,37.87
693.775107886862,81.8686072633385,38.75
698.474374269075,80.6164147377782,39.589
703.141294335795,79.4081582408627,40.396
707.787710621949,78.274457290629,41.181
712.41382696126,77.1297025502345,41.929
717.085924623919,76.0060184706818,42.647
721.733285296703,74.897248447705,43.327
726.402392559856,73.8537668015862,43.985
731.09613466114,72.8799734390549,44.616
735.801380010898,71.9814948837301,45.217
740.532575531324,71.1421774573082,45.805
745.301732518914,70.3805863476819,46.374
750.093416294428,69.6871074515286,46.917
754.880903972072,69.0516402530276,47.446
759.69330804486,68.5076531567831,47.958
764.524150470581,68.030612353355,48.46
769.327289317872,67.579622978885,48.949
774.161848265672,67.2408727072354,49.423
779.010885160901,66.9780594308465,49.887
783.850216222535,66.7643831899195,50.337
788.691304040479,66.6002860936149,50.771
793.563353371382,66.5459513606485,51.193
798.473870459975,66.601648337903,51.612
803.396789235946,66.7199786143419,52.015
808.349960685349,66.9113181494704,52.408
813.310441873121,67.1097244657724,52.799
818.259113364972,67.3521152810461,53.179
823.185923022291,67.6247017007643,53.547
828.072711074367,67.945979225489,53.907
832.937157012195,68.2994715647204,54.257
837.79606952421,68.6502988786957,54.598
842.66417719951,68.9916225819993,54.93
847.556732460241,69.3365729016169,55.252
852.409952219239,69.7007651676054,55.566
857.25339103037,70.0686551170403,55.872
862.10410158371,70.4700176416652,56.169
866.958572415987,70.8515286000533,56.459
871.767183515397,71.2796940511572,56.742
876.58383255411,71.7016698126635,57.017
881.387020744978,72.10742190242,57.285
886.225530717683,72.5257520761795,57.546
891.069236020437,72.9192281295886,57.8
895.93303911278,73.3285053199726,58.05
900.731686461878,73.7253760097311,58.292
905.50845936962,74.1317024175339,58.528
910.269275627083,74.6048583374351,58.76
914.993382313069,75.0743734499843,58.986
919.736464913935,75.5596708398904,59.207
924.497483648138,76.0341407886457,59.421
929.267876861482,76.5349109330986,59.631
934.007250906186,77.0414038081821,59.837
938.724059987001,77.5917570715868,60.038
943.490370702233,78.1977943138548,60.234
948.195426413222,78.8447641020406,60.426
952.962372750427,79.5984316544755,60.612
957.756776833818,80.4364847158675,60.795
962.549644461975,81.3455115324845,60.973
967.328707211978,82.2873915366436,61.146
972.12037028139,83.3347218873144,61.316
976.851613950498,84.395624283548,61.481
981.584697179094,85.6150053375317,61.643
986.21258158152,86.8406535482509,61.8
990.896528500106,88.2005114945591,61.954
995.573889522488,89.6803493143131,62.105
1000.23644395391,91.2492784554136,62.252
1004.79310083053,92.886651815935,62.396
1009.27832023317,94.583259614136,62.537
1013.79148680557,96.3449787775253,62.674
1018.31796190287,98.1733602693761,62.808
1022.8008333399,100.091859817387,62.94
1027.15802666951,102.055658848149,63.068
1031.4597118646,104.11633965312,63.194
1035.79313269013,106.237111509906,63.317
1040.10409394391,108.453660617275,63.437
1044.34956815176,110.743483187864,63.554
1048.54577897452,113.079990812952,63.668
1052.72474438146,115.494369691644,63.781
1056.87876917976,117.974759365703,63.891
1061.00963975327,120.501408639017,63.998
1065.0973648849,123.097386462208,64.103
1069.15202807474,125.770771711975,64.206
1073.1650203639,128.511352474172,64.306
1077.13239506867,131.307441475196,64.405
1081.07759542966,134.202360460635,64.501
1084.95426504277,137.111556388949,64.595
1088.77619362075,140.101583054944,64.687
1092.54738500684,143.15364736591,64.777
1096.30068789184,146.249051947354,64.866
1100.00377510017,149.434102091462,64.952
1103.58691110195,152.702568338441,65.036
1107.10527817083,156.000270691221,65.119
1110.59476581369,159.389518454963,65.2
1114.03057862119,162.809835310431,65.279
1117.38113129846,166.279659652021,65.356
1120.68487091493,169.825646165726,65.432
1123.94833635736,173.409621108998,65.507
1127.21307931189,177.041081294981,65.579
1130.42260389355,180.705671406395,65.651
1133.51364693599,184.449687873796,65.72
1136.53415109893,188.212934608572,65.788
1139.52919500634,192.017222011957,65.855
1142.5063584334,195.931651079158,65.92
1145.4218177904,199.842406048509,65.984
1148.24465046402,203.775723150854,66.047
1150.97774072962,207.755753265852,66.108
1153.68997315579,211.751856033339,66.168
1156.38974437662,215.753236392068,66.227
1159.00935045914,219.835098323682,66.285
1161.55206349956,223.940662757737,66.341
1164.06456679407,228.092723753294,66.396
1166.53135605842,232.311404282323,66.45
1168.94217537948,236.51836529093,66.503
1171.29692342041,240.707921864087,66.554
1173.6062402035,244.965190972943,66.605
1175.87846873521,249.223959631603,66.654
1178.08732640299,253.542985664011,66.703
1180.24902953656,257.870563363549,66.75
1182.34568227415,262.242132129691,66.797
1184.36207586593,266.634916927679,66.842
1186.33803099048,271.043189520487,66.887
1188.28694743329,275.478074953525,66.93
1190.18033328026,279.935753369153,66.973
1192.01989895416,284.437600000555,67.015
1193.81297761007,288.952981023594,67.056
1195.57606921241,293.498218032638,67.096
1197.29988954905,298.050552504237,67.135
1198.94675046742,302.622273667979,67.173
1200.54451121553,307.218927275302,67.211
1202.05742400237,311.818163380309,67.247
1203.50799420818,316.410411531213,67.284
1204.91974535753,321.060985490245,67.319
1206.23690604643,325.722542323233,67.353
1207.4821574878,330.406456158596,67.387
1208.65776177588,335.074692022891,67.42
1209.78692374254,339.784602718257,67.452
1210.88379714922,344.51135932042,67.484
1211.91790831528,349.234542100851,67.515
1212.94239027846,353.987933779203,67.546
1213.92976724074,358.757439712287,67.576
1214.846333016,363.528844648056,67.605
1215.66213596007,368.312691048674,67.633
1216.3907032274,373.1023782927,67.661
1217.11262319733,377.911421701673,67.689
1217.86946149999,382.752530591814,67.716
1218.53108440438,387.583646283866,67.742
1219.11261770291,392.396469271593,67.768
1219.64304347326,397.213106265153,67.794
1220.14407806314,402.041972513727,67.818
1220.69203442648,406.900216761891,67.843
1221.25398941337,411.761055095575,67.867
1221.70369040373,416.601501229573,67.89
1222.0689508984,421.417212464596,67.913
1222.45290436758,426.227944723893,67.935
1222.87920697334,431.068628039459,67.957
1223.39090647209,435.960284698447,67.979
1223.81730778624,440.813212018124,67.999
1224.16222938042,445.623752236451,68.02
1224.54987631932,450.433430881955,68.04
1224.96880084005,455.274182974797,68.06
1225.37935859797,460.120281295763,68.079
1225.79343538058,464.931301574652,68.098
1226.17855510063,469.77418975667,68.117
1226.54667533886,474.59242737673,68.135
1226.95749385294,479.442344099999,68.153
1227.33021191081,484.2723284946,68.17
1227.7023922021,489.097915081641,68.187
1228.13496469087,493.941091822186,68.204
1228.55344249293,498.787182929406,68.22
1228.95914186792,503.609863645386,68.236
1229.3395941993,508.410150123642,68.252
1229.7253502432,513.23909634721,68.267
1230.1259619433,518.09137915139,68.283
1230.52471847799,522.939414909895,68.297
1230.98383303294,527.805311362782,68.312
1231.4206994015,532.656548386701,68.326
1231.83565804209,537.515908889527,68.34
1232.24574374432,542.354617651671,68.353
1232.60905000287,547.156149466863,68.367
1232.99510092276,551.96516289392,68.38
1233.38379325023,556.810923661106,68.393
1233.81680482091,561.682940071051,68.405
1234.21591617495,566.506680437235,68.417
1234.60188041763,571.313706798559,68.429
1232.582292,575.1122738,15
1232.988348,579.9252922,15
1233.309754,584.7165978,15
1233.613065,589.5161924,15
1234.02598,594.3460801,15
1234.452185,599.1699111,15
1234.822369,603.989424,15
1235.16943,608.8182136,15
1235.487991,613.6280144,15
1235.847505,618.4330228,15
1236.084893,623.215646,15
1236.403881,628.0770245,15
1236.791954,632.954843,15
1237.170758,637.8470888,15
1237.363693,642.6476112,15
1237.528146,647.4123634,15
1237.862275,652.2706363,15
1238.121668,657.0838585,15
1238.518024,662.0000611,15
1238.926091,666.8817149,15
1239.306325,671.7456056,15
1239.585687,676.5904622,15
1239.916976,681.449764,15
1240.249999,686.3428229,15
1240.446929,691.1378948,15
1240.617086,695.8933559,15
1241.006505,700.8062234,15
1241.435227,705.730418,15
1241.800972,710.6130465,15
1242.222853,715.5394803,15
1242.644749,720.4393112,15
1242.985021,725.3324066,15
1243.422737,730.2788466,15
1243.725146,735.132282,15
1244.179411,740.0871764,15
1244.607567,745.0019938,15
1245.076701,749.9431978,15
1245.510261,754.9254345,15
1245.991466,759.8939928,15
1246.34594,764.8242416,15
1246.915541,769.8187515,15
1247.394985,774.804903,15
1247.932789,779.7982688,15
1248.4742,784.7997143,15
1249.219802,789.7481543,15
1251.091562,794.0653048,15
1253.932909,796.6416877,15
1256.732695,798.6020532,15
1259.728649,800.5129325,15
1262.835957,802.414186,15
1265.876947,804.1689075,15
1268.988299,805.9345704,15
1271.901981,807.7976218,15
1275.065532,809.9822297,15
1278.23931,812.4213017,15
1281.501958,815.0242646,15
1284.419822,818.0455217,15
1286.760772,822.1678494,15
1288.181929,827.1382989,15
1289.447562,832.2417114,15
1290.680322,837.2702104,15
1296.74201476966,845.28098475429,35.42
1297.85343602367,850.07826985377,36.413
1298.85823836859,854.829106900545,37.354
1299.90145092348,859.555935887295,38.252
1301.02433447951,864.257802195286,39.107
1302.20544146281,869.010632557852,39.927
1303.36208926607,873.743551904548,40.72
1304.57101637733,878.440586768538,41.469
1305.82377808297,883.139803173571,42.187
1307.13328669263,887.788410717349,42.87
1308.51295456977,892.39790653754,43.526
1309.86490006785,896.953244184281,44.169
1311.23941178896,901.509211222633,44.789
1312.63693276793,906.122117987419,45.408
1314.11683989377,910.696154465512,46.011
1315.60149336344,915.321328234665,46.593
1317.10687747177,919.908062255586,47.155
1318.60944830893,924.471091438005,47.69
1320.09395222872,929.009417383864,48.208
1321.58845048964,933.535447098943,48.72
1323.09050451577,938.09539959704,49.216
1324.60226824679,942.679672671738,49.694
1326.14197560543,947.308597829037,50.161
1327.72308415418,951.910655732087,50.614
1329.31319541291,956.500788106541,51.052
1330.84984756459,961.124262582647,51.478
1332.35776714939,965.719243526462,51.892
1333.85822453545,970.282534418383,52.293
1335.33707371147,974.832941063977,52.683
1336.7964749817,979.392820721599,53.064
1338.3336315554,983.995133098866,53.435
1339.89836426642,988.584019801042,53.798
1341.44646513543,993.179397887798,54.143
1342.95300341794,997.780816338226,54.48
1344.50269657518,1002.39656894487,54.815
1346.08584419959,1007.01035306847,55.141
1347.65117893284,1011.67850951248,55.458
1349.17908815814,1016.30780184588,55.765
1350.67436079179,1020.89419886987,56.062
1352.18096992612,1025.51138389421,25
1353.72318801044,1030.10613982522,25
1355.30994119791,1034.66652230815,25
1356.79944450578,1039.32596902095,25
1358.27643507928,1043.88917681845,25
1359.79193671121,1048.44118856915,25
1361.33468232443,1053.06860677318,25
1356.826382,1049.993522,25
1358.102075,1054.360301,25
1359.463378,1058.878453,25
1360.838952,1063.384368,25
1362.229801,1067.845213,25
1363.644346,1072.28807,25
1365.042226,1076.759072,25
1366.311174,1081.155918,25
1367.630531,1085.607796,25
1368.838179,1089.945401,25
1370.067155,1094.370784,25
1371.274112,1098.802696,25
1372.417311,1103.276359,25
1373.532634,1107.674037,25
1374.37301,1112.331296,25
1375.104509,1117.066109,25
1375.704122,1121.832697,25
1375.790922,1126.640782,25
1375.607667,1131.449645,25
1375.031097,1136.225866,25
1374.276299,1140.979602,25
1373.165042,1145.658786,25
1371.683851,1150.240001,25
1369.929186,1154.723064,25
1367.974183,1159.122637,25
1365.685087,1163.359791,25
1363.05369,1167.39577,25
1360.188068,1171.270065,25
1357.22246,1175.06476,25
1353.833234,1178.489083,25
1350.228492,1181.689281,25
1346.454116,1184.68624,25
1342.517639,1187.467267,25
1338.424306,1190.012866,25
1334.159803,1192.257091,25
1329.771851,1194.249516,25
1325.245747,1195.905752,25
1320.592715,1197.164147,25
1315.871204,1198.132178,25
1311.154793,1198.954093,25
1306.479197,1199.842707,25
1298.35906241273,1205.22753261257,52.562
1293.56045553534,1205.81145895461,52.95
1288.74877587674,1206.3384072759,53.327
1283.90715182086,1206.79257801557,53.693
1279.08874706085,1207.27806751075,54.048
1274.26966419878,1207.74759259708,54.393
1269.44153562998,1208.19373304372,54.729
1264.60030798864,1208.64734296929,55.056
1259.7676724919,1209.08824359266,55.374
1254.92088759734,1209.47111180491,55.684
1250.08024394644,1209.88315243591,55.988
1245.25990464875,1210.33472663974,56.283
1240.43459630957,1210.78238324389,56.566
1235.60654543069,1211.26973914069,56.845
1230.7793657913,1211.72945472536,57.116
1225.93547405005,1212.14611846709,57.383
1221.11017373666,1212.56678625721,57.645
1216.29526335234,1213.05069262423,57.897
1211.47587139148,1213.55315872829,58.14
1206.61799514865,1213.92484693451,58.381
1201.79810199831,1214.39785378243,58.618
1196.97695685574,1214.86889155689,58.85
1191.684948,1212.975767,20
1186.898003,1213.556485,20
1182.065651,1213.945529,20
1177.230418,1214.292,20
1172.3785,1214.5226,20
1167.580452,1215.080622,20
1162.765679,1215.539672,20
1157.972328,1216.137054,20
1153.140724,1216.514849,20
1148.318853,1216.895211,20
1143.466283,1217.088931,20
1138.628786,1217.387944,20
1133.843765,1218.046802,20
1129.033329,1218.524913,20
1124.218454,1218.987354,20
1119.383604,1219.260742,20
1114.529575,1219.343391,20
1109.693375,1219.56507,20
1104.874947,1219.94661,20
1100.055526,1220.297969,20
1095.222223,1220.472605,20
1090.388304,1220.571002,20
1085.549111,1220.531875,20
1080.717054,1220.549543,20
1075.890051,1220.620841,20
1071.063388,1220.583329,20
1066.251008,1220.324009,20
1061.547933,1219.294571,20
1057.011161,1217.708141,20
1052.799592,1215.409985,20
1048.948429,1212.536644,20
1045.618356,1209.094792,20
1042.716751,1205.344991,20
1038.92565756109,1207.79500600416,41.909
1036.48282799091,1203.96543235203,42.649
1034.0122947649,1199.95053609715,43.359
1031.6289587961,1195.85603756504,44.038
1029.23962810007,1191.69818334879,44.695
1026.89433597828,1187.515720328,45.321
1024.49968106558,1183.29319870614,45.926
1022.10391882384,1179.06898688342,46.516
1019.79333315309,1174.86069844994,47.077
1017.45728379243,1170.61155426892,47.621
1015.08903990356,1166.28773304206,48.145
1012.76387617514,1162.03881608113,48.659
1010.37235457651,1157.83915374383,49.163
1008.0072960848,1153.63370066061,49.639
1005.70464198866,1149.33748898273,50.102
1003.28220093615,1145.00401563275,50.556
1000.94228960536,1140.69529532883,50.998
998.586387504825,1136.40239281996,51.43
996.178372709686,1132.17978056604,51.845
993.814600981833,1128.04017319173,52.247
991.493016424838,1123.85590565748,52.644
989.112616259251,1119.57904186486,53.03
986.809704323341,1115.30465980854,53.402
984.44163363327,1111.02257545499,53.765
982.131331927852,1106.79525428274,54.118
979.769787903133,1102.61614915499,54.46
977.413819848678,1098.4486881534,54.792
975.023473453286,1094.23825989684,55.117
972.641980372048,1090.02209460613,55.436
970.31149806446,1085.75636323533,55.743
968.002959000936,1081.47032343659,56.044
965.606272525941,1077.23914946626,56.338
963.231094874179,1073.01980821188,56.623
960.871806052769,1068.75971735095,56.901
958.526022743171,1064.48241261511,57.171
956.174894531715,1060.18758669237,57.436
953.814960359946,1055.97022176949,57.694
951.46851763794,1051.758019171,57.946
949.136550502902,1047.53275480199,58.191
946.824466858461,1043.25772861442,58.43
944.417897259842,1038.94246864644,58.664
942.083411234285,1034.7173852252,58.891
939.728085675199,1030.47916523739,59.114
937.330379233874,1026.26342534155,59.331
934.958871082499,1022.04686663905,59.543
932.63280349803,1017.78843110354,59.75
930.296197731474,1013.56085296332,59.952
927.942786231238,1009.27882483592,60.149
925.610678395825,1005.04141051252,60.342
923.249166853511,1000.79546509435,60.53
920.861573408194,996.590060551348,60.713
918.511869463296,992.389807497404,60.893
916.13150718342,988.116317825331,61.068
913.799497571278,983.831411563761,61.239
911.457465387492,979.553687727513,61.407
909.093594873625,975.360167499074,61.57
906.740993733641,971.115899670524,61.73
904.419253641685,966.850938338036,61.886
902.055699757794,962.59674979292,62.039
899.721120627169,958.380816303377,62.188
897.342254754311,954.125645918987,62.333
895.012289726617,949.895161745582,62.476
892.707830102337,945.633674480997,62.615
890.348792448176,941.369918422051,62.751
888.002852412203,937.214579961533,62.884
885.66410308729,933.093866945234,63.015
883.240154793359,928.897111203019,63.142
880.834897191568,924.632709307345,63.266
878.409364332598,920.398274841453,63.388
875.918355420525,916.253489104745,63.507
873.439487191889,912.163640429592,63.623
870.928416924212,908.044003423456,63.736
868.437579333755,903.877754536654,63.847
865.894294697693,899.770148915171,63.956
863.339240635702,895.678088652671,64.062
860.756239971771,891.596403698884,64.165
858.125785210998,887.473003832191,64.267
855.493736902857,883.351490343763,64.366
852.796073039007,879.279625042878,64.464
850.046108561892,875.331347295449,64.559
847.244462005097,871.417725004465,64.651
844.438386571123,867.474105520057,64.742
841.589239546901,863.507445374612,64.831
838.714773882526,859.583143324063,64.918
835.799744028885,855.706347861345,65.003
832.888147339729,851.850121418607,65.087
829.895362489686,847.999322368463,65.168
826.907751915262,844.169757898524,65.248
823.856745188078,840.399233075688,65.326
820.750669219616,836.662240377287,65.403
817.643913374691,832.964641425422,65.477
814.516522261453,829.238190783113,65.551
811.405278129838,825.498712747406,65.623
808.288312793037,821.683886220739,65.693
805.155568288784,817.908726311199,65.762
801.984345016573,814.220573156512,65.829
798.782105652591,810.569583356625,65.895
795.577458583561,806.890663105051,65.96
792.399266805148,803.241961923748,66.023
789.214693741192,799.596535669907,66.085
786.027320336601,795.940533677527,66.146
782.878887781047,792.248050738457,66.205
779.686241767018,788.569826503013,66.263
776.484714681645,784.940153650025,66.32
773.310904632717,781.336966228816,66.375
770.124755438608,777.676530183195,66.43
766.914734689926,774.018504346538,66.483
763.734890651679,770.326198256381,66.535
760.52198512651,766.725372247333,66.586
757.318250807828,763.037333225202,66.636
754.127633142884,759.389585955287,66.685
750.925039556187,755.809128130129,66.733
747.753684232379,752.101869546509,66.78
744.548960275368,748.449785421291,66.826
741.278828148836,744.923203614465,66.871
738.056379138324,741.274452264688,66.915
734.910188458133,737.579408085811,66.958
731.758698890225,733.86539899655,67
728.569371434912,730.216092757284,67.041
725.407317114721,726.542708862362,67.082
722.226990661069,722.869080812125,67.121
719.01456156005,719.220462668751,67.16
715.803729483273,715.5981458838,67.198
712.667302202697,711.870818595544,67.235
709.444527958553,708.246790597629,67.271
706.187829366205,704.667214843906,67.307
703.02136338258,700.988163114434,67.342
699.844330566696,697.300954828739,67.376
696.640987918869,693.666883185494,67.41
693.410773879845,690.057138510865,67.442
690.185918736608,686.451407697416,67.474
687.013284245459,682.770894067922,67.506
683.853007224018,679.080197416633,67.537
680.67607023051,675.400279167278,67.567
677.448270336615,671.796546480318,67.596
674.191186199376,668.206486288336,67.625
671.001728600522,664.540941366255,67.653
667.811087432396,660.884704074704,67.681
664.58281791689,657.271008477653,67.708
661.37368160814,653.634872926117,67.735
658.195638867538,649.965535133278,67.761
655.019916785682,646.293513251518,67.786
651.828892052813,642.638726105648,67.811
648.625930097662,638.996461347875,67.836
645.421862342503,635.355066682482,67.86
642.185762684974,631.74605696243,67.883
638.979506476714,628.105877570377,67.906
635.780385079565,624.458262850342,67.929
632.631056094728,620.755420420852,67.951
629.462105231509,617.085026920199,67.972
626.243401065135,613.460097415412,67.993
623.071042379199,609.786788253844,68.014
619.863339483671,606.148160635475,68.034
616.681899263416,602.483320535068,68.054
613.466028491241,598.851909679135,68.074
610.262240855085,595.208327638233,68.093
607.026158459861,591.594069092923,68.111
603.80124792989,587.970490962984,68.13
600.583697495447,584.339000058573,68.148
597.369023426242,580.705075876017,68.165
594.210574989147,577.023754491015,68.182
591.015051720803,573.375487883797,68.199
587.779836598254,569.757006886564,68.216
584.591583849671,566.099561024346,68.232
581.389409875741,562.452367945102,68.248
578.275187088319,558.743517637256,68.263
575.039672835537,555.125304665413,68.278
571.822366861465,551.488968994332,68.293
570.2776482,546.5657514,25
567.059799,542.9506279,25
563.8890709,539.2981566,25
560.6825054,535.6764717,25
557.362417,532.1357069,25
554.310189,528.396117,25
551.0647495,524.7972006,25
547.7832604,521.2210232,25
544.7482045,517.475606,25
541.5543405,513.8388781,25
538.3191968,510.2287752,25
534.9870977,506.6891117,25
531.8804326,503.0009116,25
528.8418772,499.2664131,25
525.6968478,495.5978176,25
522.4420718,492.0050293,25
519.13029,488.4551658,25
515.9436381,484.8218407,25
512.8705391,481.1031525,25
509.8156277,477.3823551,25
506.5890264,473.7726218,25
503.2992252,470.1967212,25
500.1031105,466.5624908,25
496.9540038,462.8933396,25
493.6364687,459.3238263,25
490.3434416,455.753239,25
487.3784699,451.9855724,25
484.1118416,448.3890478,25
480.9203797,444.7509567,25
477.6524328,441.1464428,25
474.4983564,437.4906617,25
471.1764471,433.9277781,25
467.979195,430.2845903,25
464.816644,426.6181154,25
461.6513093,422.9672991,25
458.4241811,419.3388753,25
455.0584347,415.7746372,25
451.6962231,412.2109236,25
448.2717947,408.6829154,25
444.9544013,405.0992558,25
441.5455068,401.5632497,25
438.163853,398.0078955,25
434.7289254,394.481183,25
431.3131156,390.92268,25
427.7943834,387.4038985,25
424.312701,383.8822885,25
420.8052391,380.3632021,25
417.2259066,376.9789898,25
413.5790652,373.7842642,25
409.342396,371.4389867,25
404.6496504,370.2554661,25
400.238019,369.8418261,25
395.9419423,369.8270876,25
391.7971655,369.7385681,25
387.591291,369.7020749,25
383.3701978,369.7350356,25
379.119007,369.7843857,25
374.9680519,369.7598114,25
370.7883924,369.6822303,25
366.5851573,369.5516118,25
362.2701788,369.4875109,25
357.9624917,369.2697591,25
353.4718156,369.0383411,25
349.0364478,368.6690685,25
344.5559784,368.205121,25
339.9455593,367.67163,25
335.3003968,366.943709,25
330.601138,366.0450493,25
325.9042467,364.9784467,25
321.2925142,363.5894333,25
316.7251812,362.0598738,25
312.2410298,360.2996438,25
307.8320545,358.3558815,25
303.4903744,356.2720318,25
299.2640054,353.9593145,25
295.1459797,351.4561253,25
291.1288409,348.79531,25
287.228227,345.964804,25
283.3739361,342.9646277,25
279.5161318,339.8385289,25
275.5531629,336.6087789,25
271.5613097,333.2488781,25
267.5814656,329.7883339,25
263.7289077,326.199577,25
259.9012983,322.5406067,25
256.0430512,318.8714668,25
252.0835101,315.2545233,25
248.1451855,311.9927678,25
244.2147133,309.1497255,25
239.8733642,307.0043607,25
235.729268005141,305.373563317026,56.312
231.329713425345,304.221707714773,56.59
226.814934325139,303.262862990859,56.867
222.180708288148,302.443506976974,57.142
217.425240704925,301.639583312762,57.411
212.625843244405,300.87539631169,57.674
207.85099862005,300.179431834219,57.931
203.108118703104,299.481777289942,58.182
198.341714391858,298.812546238259,58.424
193.551722368771,298.098235909228,58.66
188.786355720843,297.416217787601,58.888
183.951002426816,296.744087658581,59.111
179.104486504779,296.085733143778,59.329
174.262127425418,295.421457728211,59.54
169.430067479962,294.723003099957,59.746
164.630508500677,294.049748557588,59.947
159.828788772439,293.381112377136,60.145
154.953271520918,292.679398310928,60.34
150.032014211342,292.017914275905,60.53
145.120631218155,291.361347300988,60.712
140.27555455732,290.712081580057,60.891
135.476351049603,290.038006263005,61.065
130.728248713335,289.390486253016,61.236
125.93623054325,288.731392775505,61.404
121.08780821266,288.08069399433,61.568
116.227187207198,287.465192194798,61.728
111.404070280909,286.890778745616,61.885
106.580489131419,286.321431999529,62.039
101.781571842944,285.716741166764,62.189
96.9899392874143,285.159114959843,62.335
92.1802949564036,284.626745193064,62.478
87.3842385409103,284.078742885096,62.618
82.6144167412296,283.550101472659,62.754
77.8229245059795,282.998306536638,62.888
73.0343077524588,282.421274739392,63.019
68.2388557016837,281.849495017028,63.146
63.4412001570763,281.301155199331,63.27
58.5922889063095,280.782045835838,63.392
53.7330994842345,280.270775436876,63.511
48.8609989941168,279.771829152438,63.627
44.0480388952765,279.259771165956,63.741
39.2169477717172,278.744134334284,63.852
34.402974051181,278.280559957725,63.96
29.6019861855116,277.803931941,64.067
24.7960851761149,277.279514463274,64.171
20.0554188845222,276.728631602955,64.273
15.2452073045025,276.23201490885,64.372
10.4345763084075,275.755460986666,64.469
5.59177880612228,275.20551434024,64.565
0.761454685071634,274.674989685622,64.658
-4.05771686635328,274.180114152271,64.749
-8.8667989151355,273.646102002625,64.838
-13.7025496717566,273.162621829113,64.925
-18.5013794382123,272.681346326085,65.01
-23.3159302497934,272.223185105075,65.094
-28.1586735562149,271.699087856859,65.176
-32.9652255427708,271.161381496265,65.256
-37.7931351902941,270.636508296221,65.334
-42.6837600275857,270.142777916444,65.41
-47.5424146057392,269.664717062056,65.485
-52.3732536817006,269.215108593768,65.559
-57.1933295696937,268.668321948237,65.63
-62.024234678603,268.075139708893,65.701
-66.8113676073211,267.55800170835,65.769
-71.6170624164834,267.102109128334,65.836
-76.3831631472443,266.622041431849,65.902
-81.1795608721133,266.117528989857,65.967
-85.9545391473894,265.611363264946,66.03
-90.8070355085375,265.12302313746,66.091
-95.6696507719384,264.608835328112,66.152
-100.580382990251,264.11973487543,66.211
-105.438977098088,263.626699740753,66.269
-110.263418953595,263.166907736,66.326
-115.060806850891,262.669387493877,66.381
-119.855063308933,262.136656961594,66.435
-124.626135490165,261.607494992623,66.488
-129.423776011545,261.094388459784,66.54
-134.217595364082,260.559349345014,66.591
-139.011078291986,260.022723392707,66.641
-143.837841859051,259.526860057983,66.69
-148.669537192963,259.030825484596,66.738
-153.522879511746,258.527216561221,66.785
-158.373596657729,258.052923961564,66.83
-163.246111705787,257.55761515638,66.875
-168.105395876348,256.995074609961,66.919
-172.932280698754,256.506905342467,66.962
-177.696558344506,256.0390888186,67.004
-182.511282206944,255.572719113666,67.045
-187.319491018839,255.079066046649,67.086
-192.184437758152,254.54918285367,67.125
-197.069292982225,254.006141459531,67.164
-201.896915802028,253.486266352246,67.202
-206.685929366855,252.957258357138,67.239
-211.425600102491,252.437280664461,67.275
-216.164270970765,251.888564621956,67.311
-220.952932398323,251.362977587236,67.346
-225.766929058719,250.933900158771,67.38
-230.632644009719,250.433043496411,67.413
-235.563551120735,249.905429667773,67.446
-240.513646806329,249.38959393333,67.478
-245.406274379451,248.90252442624,67.509
-250.219359150853,248.434672378954,67.54
-254.952052611743,247.889702140216,67.57
-259.612613745673,247.389463899173,67.599
-264.329134166864,246.8512877262,67.628
-269.119374264456,246.325178263142,67.656
-274.000419628194,245.84615994733,67.684
-278.897161087781,245.379959251069,67.711
-283.842638629347,244.906134391378,67.738
-288.747930103097,244.396657025046,67.764
-293.631449833817,243.915996327532,67.789
-298.458718779442,243.418178932169,67.814
-303.255317881578,242.897467969898,67.838
-308.029642012718,242.384821081168,67.862
-312.838016591237,241.869378845572,67.886
-317.664222677015,241.31383532012,67.909
-322.49329551759,240.796505135576,67.931
-327.309734682544,240.303123632074,67.953
-332.152688961916,239.814305189064,67.975
-336.987276577368,239.317622177677,67.996
-341.809413442143,238.818711343316,68.016
-346.647931591382,238.333227846036,68.037
-351.463906490225,237.835970555518,68.056
-356.325339248032,237.316567529651,68.076
-361.180979601743,236.803476317936,68.095
-366.00542888229,236.352813742372,68.113
-370.800320232113,235.898286377456,68.132
-375.589256118628,235.366750446406,68.15
-380.407509768394,234.857836509804,68.167
-385.259304445308,234.365493738803,68.184
-390.097904871725,233.892939398501,68.201
-394.925862728945,233.40782747067,68.217
-399.754292301245,232.931213439596,68.233
-404.561058099729,232.456559366153,68.249
-409.411058631858,231.932153847556,68.265
-414.240436309114,231.43584105694,68.28
-419.05871737754,230.922776907191,68.295
-423.900022871315,230.428838906189,68.309
-428.724858407512,229.917820723867,68.323
-433.545499197109,229.389063238909,68.337
-438.341655996189,228.867568683167,68.351
-443.109716125812,228.370832388079,68.364
-447.875161948715,227.858056674428,68.377
-452.674589438023,227.336198256898,68.39
-457.512226110048,226.814027745036,68.403
-462.374094381929,226.278357344525,68.415
-467.226469242737,225.81373247844,68.427
-472.110231743996,225.357176628639,68.439
-476.970796906383,224.851285428675,68.45
-481.825565114987,224.314440119826,68.462
-486.65012804603,223.834919240629,68.473
-491.460557426125,223.366198317349,68.484
-491.0319857,221.0337841,30
-495.8104261,220.4878661,30
-500.4994547,219.9292362,30
-505.2137243,219.3811521,30
-509.9119401,218.8389538,30
-514.6094605,218.3308463,30
-519.4158586,217.8326501,30
-524.2246501,217.347638,30
-529.01693,216.8576329,30
-533.9220407,216.380547,30
-538.8815977,215.9337755,30
-543.6332691,215.4075446,30
-548.395071,214.9091461,30
-553.209251,214.4169098,30
-557.9051071,213.8632571,30
-562.619899,213.3313969,30
-567.3135534,212.8182185,30
-572.2259052,212.3859743,30
-576.9727397,211.8211234,30
-581.6911304,211.2497405,30
-586.3424628,210.6803018,30
-590.9826164,210.1522395,30
-595.7194165,209.6684079,30
-600.3232923,209.127859,30
-605.0301222,208.5887412,30
-609.8352887,208.0453995,30
-614.6854809,207.5320039,30
-619.446322,207.016032,30
-624.0675649,206.4977361,30
-628.6968067,205.945651,30
-633.4306444,205.4154471,30
-638.1547668,204.8860931,30
-642.8429271,204.2886177,30
-647.6345385,203.7670607,30
-652.1532708,203.1700316,30
-656.9263554,202.647256,30
-661.535977,202.0982872,30
-666.0472728,201.5363628,30
-670.6584748,200.9659912,30
-675.2492677,200.4014133,30
-679.8144924,199.8185599,30
-684.2480143,199.2131694,30
-688.9736031,198.668798,30
-693.4703622,198.0758925,30
-697.8697999,197.4662128,30
-702.4458484,196.9453624,30
-706.8180743,196.3345966,30
-711.2744753,195.6556769,30
-715.8202147,194.8843922,30
-720.3495535,194.0101067,30
-724.8327021,193.0456321,30
-729.2092722,191.9247859,30
-733.4055371,190.6490104,30
-737.7062819,189.1687982,30
-741.9641925,187.3925902,30
-746.2870913,185.2375135,30
-750.2497588,182.8352812,30
-754.1165006,180.2456198,30
-757.8933765,177.4290438,30
-761.5411598,174.3222247,30
-764.9836833,170.9795207,30
-768.1924166,167.4113124,30
-771.1847182,163.6473492,30
-774.0301897,159.7671494,30
-776.6952573,155.7628606,30
-779.0721538,151.583153,30
-781.2094294,147.285977,30
-783.0905536,142.8781774,30
-784.6569178,138.3381686,30
-785.9224746,133.6971981,30
-786.9031569,128.9849447,30
-787.625025,124.2280835,30
-788.0905177,119.4402993,30
-788.2478038,114.633881,30
-788.0392774,109.8262459,30
-787.5253475,105.0376287,30
-786.7330716,100.2856512,30
-785.6681491,95.5862876,50.222
-788.850179734236,86.4955822789056,50.66
-787.40087049997,81.8728292644075,51.087
-785.834717580604,77.2885869069518,51.501
-784.153108078321,72.7305961074346,51.904
-782.344582736971,68.2306079208529,52.294
-780.37062084731,63.7838860767174,52.673
-778.224828579535,59.4009318058652,53.043
-775.906713508751,55.1317154708115,53.406
-773.461934722766,50.9598476397249,53.76
-770.87898623172,46.9015240646878,54.102
-768.107868988182,42.9334020810672,54.436
-765.189257649628,39.0605826767252,54.761
-762.149005531689,35.289768670046,55.08
-759.010685484963,31.6019920544605,55.393
-755.766925589979,28.0042861924454,55.697
-752.427294122949,24.4940811758065,55.994
-749.003337019176,21.0644798802317,56.282
-745.497043401113,17.7093997299304,56.564
-741.901195515543,14.4554308163681,56.841
-738.203906095896,11.3254808230347,57.111
-734.432452466776,8.2816534410908,57.373
-730.581553142178,5.33744611583476,57.629
-726.648581268683,2.50504908474271,57.879
-722.648172219962,-0.231307535649592,58.124
-718.585627812424,-2.87654837778829,58.363
-714.463687018852,-5.43294147595797,58.597
-710.289394984903,-7.89327546076131,58.824
-706.057399528716,-10.2440279579715,59.045
-701.777591338097,-12.5020633436795,59.262
-697.459132139584,-14.6723561135743,59.475
-693.063831886594,-16.721566448145,59.682
-688.600713615765,-18.6412617930167,59.884
-684.103183553476,-20.449140158833,60.082
-679.568782301418,-22.1414427951788,60.275
-674.994339478405,-23.7485379459547,60.464
-670.379975805765,-25.2534901328684,60.649
-665.742919039635,-26.6789191292564,60.83
-661.067068083823,-28.0405647716262,61.006
-656.37847297747,-29.3400328029099,61.178
-651.695162054845,-30.5506100548682,61.347
-646.990923374593,-31.6759480087063,61.511
-642.262076753344,-32.7284614687529,61.672
-637.505963582245,-33.7240599247832,61.83
-632.739510282894,-34.636840560357,61.983
-627.967133092761,-35.4685987845854,62.134
-623.184261011828,-36.2210174665655,62.281
-618.387022258014,-36.9116884289068,62.425
-613.595229166344,-37.5175392000839,62.566
-608.80897103132,-38.0677290084836,62.703
-604.00871699239,-38.556965856205,62.837
-599.185078683793,-39.0094948564051,62.969
-594.349251882946,-39.4226930802169,63.097
-589.512144326198,-39.778548754885,63.223
-584.678127210343,-40.0894841409428,63.346
-579.841119567193,-40.3354767345464,63.467
-575.029584630702,-40.5486945643996,63.584
-570.231998226125,-40.7548953234072,63.699
-565.428070583234,-40.9257751607378,63.812
-560.640747945035,-41.1131976213666,63.922
-555.842664786535,-41.293186826047,64.029
-551.030609780444,-41.4349037202699,64.134
-546.21283360654,-41.5386812559804,64.236
-541.362558662784,-41.6016912197347,64.336
-536.489226736276,-41.607701120818,64.435
-531.621359288315,-41.6350258564306,64.531
-526.763132895809,-41.6952870183582,64.624
-521.945521028457,-41.8087055046075,64.716
-517.100157127593,-41.9199960998276,64.806
-512.229550935477,-41.9514480292081,64.894
-507.349417325689,-41.979805461133,64.98
-502.522141710403,-42.1327677628325,65.064
-497.72442533509,-42.2618987932863,65.146
-492.883176216339,-42.3527187804886,65.227
-488.017183255696,-42.4240098644202,65.306
-483.158451907973,-42.4940008927758,65.383
-478.298473402182,-42.5616489232826,65.458
-473.425568998642,-42.6040687986648,65.532
-468.558244917553,-42.6412072219059,65.604
-463.724360361289,-42.7394065381808,65.676
-458.890143939764,-42.8317788377951,65.745
-454.037836893428,-42.8791804986689,65.813
-449.17570273634,-42.8833466710295,65.879
-444.294044608757,-42.8856903318178,65.944
-439.40418335969,-42.8494941238655,66.008
-434.523430526516,-42.8099675364863,66.07
-429.676909054791,-42.8461326666431,66.131
-424.846805715943,-42.9000309069655,66.19
-420.012659581068,-42.9186675718181,66.249
-415.16544493727,-42.8557861485045,66.306
-410.29882420389,-42.7512742847362,66.362
-405.437213158364,-42.6586933531834,66.416
-400.588774203282,-42.5750001385356,66.47
-395.741624937473,-42.4779808410934,66.522
-390.918431092034,-42.3912042832023,66.574
-386.055021487967,-42.1960627809187,66.624
-381.183081268725,-41.9450673884954,66.673
-376.343561341706,-41.666206567491,66.721
-371.529958913773,-41.5208552120368,66.768
-366.737212407055,-41.3573782769108,66.814
-361.888937517073,-41.0850605435785,66.859
-357.024482442301,-40.7180911763573,66.904
-352.148476558907,-40.2836451230383,66.947
-347.303333582964,-39.947110868718,66.989
-342.487837866656,-39.6494667057242,67.031
-337.658018234656,-39.2684548000973,67.071
-332.808588206991,-38.8124885902286,67.111
-327.959206141673,-38.3397557318263,67.15
-323.12454218881,-37.864258684388,67.188
-318.321907964505,-37.4543634386073,67.226
-313.513994629477,-37.0646484314359,67.262
-308.694571807113,-36.6207807691158,67.298
-303.886901285979,-36.1645412120623,67.333
-299.078734977939,-35.7085791858803,67.367
-294.266097305927,-35.2281750877788,67.401
-289.441845108021,-34.6830886352793,67.434
-284.612028590035,-34.1269935717853,67.466
-279.774981045054,-33.5901426431652,67.498
-274.94689249611,-33.0828040430675,67.529
-270.124177091671,-32.5833325759676,67.559
-265.314702950107,-32.1563769526683,67.589
-260.479871428415,-31.7222466954849,67.618
-255.638255251315,-31.231420391776,67.646
-250.79985678717,-30.7220656547025,67.674
-245.962837083828,-30.2135577996765,67.701
-241.148501457943,-29.7559336337741,67.728
-236.34097965841,-29.3291494741868,67.754
-231.529996064379,-28.8839640918437,67.78
-226.70988870158,-28.4054931257668,67.805
-221.879579183694,-27.8712395713474,67.83
-217.046427983983,-27.3197926523115,67.854
-212.219752594116,-26.8295790870778,67.877
-207.396836423512,-26.3914863136638,67.9
-202.569946684932,-25.9237880734317,67.923
-197.74215543029,-25.4210214728632,67.945
-192.914906453672,-24.9015306956826,67.967
-188.089699738025,-24.3772346308951,67.988
-183.259122139215,-23.8654359270383,68.009
-178.428369497592,-23.3777687802286,68.029
-173.596904499185,-22.8676297157557,68.049
-168.772856496987,-22.3741104743429,68.069
-163.954768539804,-21.892508944125,68.088
-159.13033747089,-21.4081285740444,68.107
-154.299263641974,-20.8971341296536,68.125
-149.466705129171,-20.3376178806772,68.143
-144.638045584882,-19.7738847248436,68.161
-139.809801123853,-19.2713926659161,68.178
-134.985173665238,-18.8947124918293,68.195
-130.160116024914,-18.5141452422512,68.211
-125.335300594337,-18.0335222620242,68.228
-120.510586083456,-17.4640483415072,68.244
-115.683825162394,-16.8585641226411,68.259
-110.854558218477,-16.3862693757656,68.274
-106.033727271955,-15.9839531818919,68.289
-101.214445216247,-15.5883332949131,68.304
-96.3864320534772,-15.1145231903044,68.318
-91.550186974901,-14.5843818523724,68.332
-86.7215430160308,-14.0201458863125,68.346
-81.8935505880435,-13.5603461255531,68.359
-77.0667461752556,-13.1366340140873,68.373
-72.2413610153854,-12.6967726167221,68.386
-67.4151350771374,-12.2348296989384,68.398
-62.5892800188191,-11.7539399981192,68.411
-57.7635476706055,-11.2408786114126,68.423
-52.9388553241045,-10.6938107520259,68.435
-48.112406487653,-10.1871216009367,68.446
-43.2846034061195,-9.71808773738175,68.458
-38.4565139067965,-9.236668731802,68.469
-33.6296753237025,-8.72751680483438,68.48
-28.8048888326622,-8.19820814276262,68.491
-23.9796097201058,-7.6786526977326,68.501
-19.1528437178677,-7.18571481533162,68.511
-14.3256860819859,-6.69737939252097,68.521
-9.49756986555157,-6.22246931581196,68.531
-4.66817260966015,-5.77511336338522,68.595
0.167422682602012,-5.38556335372147,68.659
